source_file,source_row,cmd_or_set_cmd,time_s,set_ma,stm_current_ma,error_ma,adc1_raw,adc1_voltage_v,adc2_raw,adc2_voltage_v,sample_count,dropped_each_side,rejected_count,output_duty_pct,dm3058_current_ma,cleaning_note
low_current_sweep_correction_curve.csv,7,1,7.747370004653931,1,0.0,1.0,0,0.0,,,64,16,3,0.2,1.070284,stable_by_dm3058_group_median
low_current_sweep_correction_curve.csv,8,1,8.659279823303223,1,2.366,-1.366,15,0.013,,,64,16,4,0.1,1.074316,stable_by_dm3058_group_median
low_current_sweep_correction_curve.csv,9,1,9.147408246994019,1,2.366,-1.366,15,0.013,,,64,16,4,0.1,1.16512,stable_by_dm3058_group_median
low_current_sweep_correction_curve.csv,15,1,17.866010904312134,1,0.0,1.0,0,0.0,,,64,16,7,0.3,1.074284,stable_by_dm3058_group_median
low_current_sweep_correction_curve.csv,16,1,18.34954285621643,1,2.681,-1.681,17,0.014,,,64,16,8,0.2,1.176792,stable_by_dm3058_group_median
low_current_sweep_correction_curve.csv,81,10,4.111905574798584,10,10.252,-0.252,65,0.057,,,64,16,0,1.7,10.55973,stable_by_dm3058_group_median
low_current_sweep_correction_curve.csv,82,10,4.59343695640564,10,9.779,0.221,62,0.053,,,64,16,0,1.8,10.04565,stable_by_dm3058_group_median
low_current_sweep_correction_curve.csv,83,10,5.075822591781616,10,9.306,0.694,59,0.051,,,64,16,0,1.8,10.12749,stable_by_dm3058_group_median
low_current_sweep_correction_curve.csv,84,10,6.042610168457031,10,10.252,-0.252,65,0.057,,,64,16,0,1.7,9.943624,stable_by_dm3058_group_median
low_current_sweep_correction_curve.csv,85,10,6.525470733642578,10,9.306,0.694,59,0.051,,,64,16,0,1.8,9.943514,stable_by_dm3058_group_median
low_current_sweep_correction_curve.csv,86,10,7.009703636169434,10,9.306,0.694,59,0.051,,,64,16,0,1.8,10.114889999999999,stable_by_dm3058_group_median
low_current_sweep_correction_curve.csv,87,10,7.4925150871276855,10,9.306,0.694,59,0.051,,,64,16,0,1.8,10.137749999999999,stable_by_dm3058_group_median
low_current_sweep_correction_curve.csv,88,10,8.462242603302002,10,9.306,0.694,59,0.051,,,64,16,0,1.7,9.943841,stable_by_dm3058_group_median
low_current_sweep_correction_curve.csv,89,10,8.942713737487793,10,10.252,-0.252,65,0.057,,,64,16,0,1.7,10.53084,stable_by_dm3058_group_median
low_current_sweep_correction_curve.csv,90,10,9.425073623657227,10,9.937,0.063,63,0.055,,,64,16,0,1.8,10.25174,stable_by_dm3058_group_median
low_current_sweep_correction_curve.csv,91,10,9.908097505569458,10,9.306,0.694,59,0.051,,,64,16,0,1.8,10.04952,stable_by_dm3058_group_median
low_current_sweep_correction_curve.csv,92,10,10.874569177627563,10,9.622,0.378,61,0.053,,,64,16,0,1.7,10.56068,stable_by_dm3058_group_median
low_current_sweep_correction_curve.csv,93,10,11.362200736999512,10,9.779,0.221,62,0.053,,,64,16,0,1.8,10.04643,stable_by_dm3058_group_median
low_current_sweep_correction_curve.csv,94,10,11.844645500183105,10,9.306,0.694,59,0.051,,,64,16,0,1.8,10.12779,stable_by_dm3058_group_median
low_current_sweep_correction_curve.csv,101,15,3.889456272125244,15,14.594,0.406,92,0.081,,,48,12,0,2.6,15.44309,stable_by_dm3058_group_median
low_current_sweep_correction_curve.csv,102,15,4.3724446296691895,15,15.478,-0.478,100,0.088,,,48,12,0,2.5,15.27708,stable_by_dm3058_group_median
low_current_sweep_correction_curve.csv,103,15,4.855910778045654,15,14.634,0.366,92,0.081,,,48,12,0,2.6,15.4433,stable_by_dm3058_group_median
low_current_sweep_correction_curve.csv,104,15,5.340423583984375,15,15.488,-0.488,100,0.088,,,48,12,0,2.5,15.329590000000001,stable_by_dm3058_group_median
low_current_sweep_correction_curve.csv,105,15,6.306096792221069,15,14.597,0.403,92,0.081,,,48,12,0,2.6,15.393139999999999,stable_by_dm3058_group_median
low_current_sweep_correction_curve.csv,106,15,6.788924217224121,15,15.479,-0.479,100,0.088,,,48,12,0,2.5,15.4435,stable_by_dm3058_group_median
low_current_sweep_correction_curve.csv,107,15,7.272212743759155,15,14.595,0.405,92,0.081,,,48,12,0,2.6,15.44362,stable_by_dm3058_group_median
low_current_sweep_correction_curve.csv,108,15,7.755598783493042,15,15.478,-0.478,100,0.088,,,48,12,0,2.5,15.37172,stable_by_dm3058_group_median
low_current_sweep_correction_curve.csv,109,15,8.238792181015015,15,14.595,0.405,92,0.081,,,48,12,0,2.6,15.443729999999999,stable_by_dm3058_group_median
low_current_sweep_correction_curve.csv,110,15,8.722122192382812,15,15.478,-0.478,100,0.088,,,48,12,0,2.6,15.443760000000001,stable_by_dm3058_group_median
low_current_sweep_correction_curve.csv,111,15,9.205316543579102,15,14.752,0.248,92,0.081,,,48,12,0,2.6,15.44367,stable_by_dm3058_group_median
low_current_sweep_correction_curve.csv,112,15,10.172165632247925,15,15.517,-0.517,100,0.088,,,48,12,0,2.5,15.443729999999999,stable_by_dm3058_group_median
low_current_sweep_correction_curve.csv,113,15,10.655123710632324,15,14.604,0.396,92,0.081,,,48,12,0,2.6,15.443719999999999,stable_by_dm3058_group_median
low_current_sweep_correction_curve.csv,114,15,11.138774156570435,15,15.48,-0.48,100,0.088,,,48,12,0,2.5,15.44382,stable_by_dm3058_group_median
low_current_sweep_correction_curve.csv,115,15,11.622531652450562,15,14.595,0.405,92,0.081,,,48,12,0,2.6,15.44394,stable_by_dm3058_group_median
low_current_sweep_correction_curve.csv,116,15,12.104990243911743,15,15.478,-0.478,100,0.088,,,48,12,0,2.5,15.32578,stable_by_dm3058_group_median
low_current_sweep_correction_curve.csv,122,20,3.6282498836517334,20,20.285,-0.285,131,0.115,,,48,12,0,3.4,20.309250000000002,stable_by_dm3058_group_median
low_current_sweep_correction_curve.csv,123,20,4.109739542007446,20,19.74,0.26,122,0.107,,,48,12,0,3.4,20.30918,stable_by_dm3058_group_median
low_current_sweep_correction_curve.csv,124,20,4.594727993011475,20,20.432,-0.432,131,0.115,,,48,12,0,3.4,20.30914,stable_by_dm3058_group_median
low_current_sweep_correction_curve.csv,125,20,5.0763115882873535,20,19.54,0.46,122,0.107,,,48,12,0,3.4,20.30921,stable_by_dm3058_group_median
low_current_sweep_correction_curve.csv,126,20,5.559923410415649,20,20.382,-0.382,131,0.115,,,48,12,0,3.4,20.30939,stable_by_dm3058_group_median
low_current_sweep_correction_curve.csv,127,20,6.04469633102417,20,19.764,0.236,122,0.107,,,48,12,0,3.4,20.30943,stable_by_dm3058_group_median
low_current_sweep_correction_curve.csv,128,20,6.527817726135254,20,20.438,-0.438,131,0.115,,,48,12,0,3.4,20.309540000000002,stable_by_dm3058_group_median
low_current_sweep_correction_curve.csv,129,20,7.49470591545105,20,19.541,0.459,122,0.107,,,48,12,0,3.4,20.30957,stable_by_dm3058_group_median
low_current_sweep_correction_curve.csv,130,20,7.977476119995117,20,20.382,-0.382,131,0.115,,,48,12,0,3.4,20.309440000000002,stable_by_dm3058_group_median
low_current_sweep_correction_curve.csv,131,20,8.462091207504272,20,19.527,0.473,122,0.107,,,48,12,0,3.4,20.30964,stable_by_dm3058_group_median
low_current_sweep_correction_curve.csv,132,20,8.944751024246216,20,20.379,-0.379,131,0.115,,,48,12,0,3.4,20.30948,stable_by_dm3058_group_median
low_current_sweep_correction_curve.csv,133,20,9.427680492401123,20,19.527,0.473,122,0.107,,,48,12,0,3.4,20.30963,stable_by_dm3058_group_median
low_current_sweep_correction_curve.csv,134,20,9.911426782608032,20,20.379,-0.379,131,0.115,,,48,12,0,3.4,20.3096,stable_by_dm3058_group_median
low_current_sweep_correction_curve.csv,135,20,10.394280910491943,20,19.527,0.473,122,0.107,,,48,12,0,3.4,20.30963,stable_by_dm3058_group_median
low_current_sweep_correction_curve.csv,136,20,11.361558437347412,20,20.379,-0.379,131,0.115,,,48,12,0,3.4,20.309810000000002,stable_by_dm3058_group_median
low_current_sweep_correction_curve.csv,137,20,11.844421625137329,20,19.527,0.473,122,0.107,,,48,12,0,3.4,20.30977,stable_by_dm3058_group_median
low_current_sweep_correction_curve.csv,138,20,12.32827091217041,20,20.379,-0.379,131,0.115,,,48,12,0,3.4,20.309730000000002,stable_by_dm3058_group_median
low_current_sweep_correction_curve.csv,22,3,4.788286447525024,3,3.021,-0.021,21,0.017,,,64,16,4,0.5,2.7812650000000003,stable_by_dm3058_group_median
low_current_sweep_correction_curve.csv,23,3,5.271526336669922,3,3.021,-0.021,21,0.017,,,64,16,5,0.5,2.781279,stable_by_dm3058_group_median
low_current_sweep_correction_curve.csv,24,3,5.756313323974609,3,3.021,-0.021,21,0.017,,,64,16,7,0.5,2.781348,stable_by_dm3058_group_median
low_current_sweep_correction_curve.csv,25,3,6.2380592823028564,3,3.021,-0.021,21,0.017,,,64,16,7,0.5,2.7815209999999997,stable_by_dm3058_group_median
low_current_sweep_correction_curve.csv,26,3,6.72312331199646,3,3.021,-0.021,21,0.017,,,64,16,8,0.5,2.781474,stable_by_dm3058_group_median
low_current_sweep_correction_curve.csv,27,3,7.20579719543457,3,3.021,-0.021,21,0.017,,,64,16,9,0.5,2.7813,stable_by_dm3058_group_median
low_current_sweep_correction_curve.csv,29,3,8.171945571899414,3,2.589,0.411,18,0.015,,,64,16,11,0.5,2.684237,stable_by_dm3058_group_median
low_current_sweep_correction_curve.csv,30,3,9.137665748596191,3,3.021,-0.021,21,0.017,,,64,16,12,0.5,2.781375,stable_by_dm3058_group_median
low_current_sweep_correction_curve.csv,31,3,9.621320486068726,3,3.021,-0.021,21,0.017,,,64,16,13,0.5,2.781289,stable_by_dm3058_group_median
low_current_sweep_correction_curve.csv,32,3,10.105987548828125,3,3.021,-0.021,21,0.017,,,64,16,14,0.5,2.78144,stable_by_dm3058_group_median
low_current_sweep_correction_curve.csv,33,3,10.587563276290894,3,3.021,-0.021,21,0.017,,,64,16,15,0.5,2.781441,stable_by_dm3058_group_median
low_current_sweep_correction_curve.csv,34,3,11.555753231048584,3,3.021,-0.021,21,0.017,,,64,16,16,0.5,2.781446,stable_by_dm3058_group_median
low_current_sweep_correction_curve.csv,35,3,12.038206577301025,3,3.021,-0.021,21,0.017,,,64,16,17,0.5,2.7815090000000002,stable_by_dm3058_group_median
low_current_sweep_correction_curve.csv,42,5,4.5938310623168945,5,5.041,-0.041,34,0.029,,,64,16,7,0.9,5.080276,stable_by_dm3058_group_median
low_current_sweep_correction_curve.csv,43,5,5.07445216178894,5,5.041,-0.041,34,0.029,,,64,16,8,0.9,5.0802879999999995,stable_by_dm3058_group_median
low_current_sweep_correction_curve.csv,45,5,6.043756723403931,5,4.597,0.403,31,0.026,,,64,16,9,0.9,4.796538,stable_by_dm3058_group_median
low_current_sweep_correction_curve.csv,46,5,7.007669687271118,5,5.041,-0.041,34,0.029,,,64,16,10,0.9,5.08031,stable_by_dm3058_group_median
low_current_sweep_correction_curve.csv,47,5,7.493552207946777,5,5.041,-0.041,34,0.029,,,64,16,11,0.9,5.080347,stable_by_dm3058_group_median
low_current_sweep_correction_curve.csv,48,5,7.974096298217773,5,5.041,-0.041,34,0.029,,,64,16,12,0.9,5.080371,stable_by_dm3058_group_median
low_current_sweep_correction_curve.csv,49,5,8.943711042404175,5,5.041,-0.041,34,0.029,,,64,16,13,0.9,5.080454,stable_by_dm3058_group_median
low_current_sweep_correction_curve.csv,50,5,9.429453134536743,5,5.041,-0.041,34,0.029,,,64,16,14,0.9,5.080496999999999,stable_by_dm3058_group_median
low_current_sweep_correction_curve.csv,51,5,9.908262252807617,5,5.041,-0.041,34,0.029,,,64,16,15,0.9,5.080477,stable_by_dm3058_group_median
low_current_sweep_correction_curve.csv,52,5,10.393591403961182,5,5.041,-0.041,34,0.029,,,64,16,17,0.9,5.08062,stable_by_dm3058_group_median
low_current_sweep_correction_curve.csv,53,5,11.357305526733398,5,5.041,-0.041,34,0.029,,,64,16,18,0.9,5.0805620000000005,stable_by_dm3058_group_median
low_current_sweep_correction_curve.csv,54,5,11.843484878540039,5,5.041,-0.041,34,0.029,,,64,16,18,0.9,5.080492,stable_by_dm3058_group_median
low_current_sweep_correction_curve.csv,61,8,4.11176061630249,8,7.942,0.058,53,0.046,,,64,16,0,1.5,8.719083000000001,stable_by_dm3058_group_median
low_current_sweep_correction_curve.csv,62,8,4.594731092453003,8,8.541,-0.541,57,0.049,,,64,16,0,1.4,8.10494,stable_by_dm3058_group_median
low_current_sweep_correction_curve.csv,63,8,5.078048467636108,8,7.942,0.058,53,0.046,,,64,16,0,1.4,8.105366,stable_by_dm3058_group_median
low_current_sweep_correction_curve.csv,64,8,5.5612664222717285,8,7.942,0.058,53,0.046,,,64,16,0,1.4,8.207806999999999,stable_by_dm3058_group_median
low_current_sweep_correction_curve.csv,65,8,6.5281822681427,8,8.541,-0.541,57,0.049,,,64,16,0,1.4,8.105317000000001,stable_by_dm3058_group_median
low_current_sweep_correction_curve.csv,66,8,7.011151313781738,8,7.942,0.058,53,0.046,,,64,16,0,1.4,8.105383000000002,stable_by_dm3058_group_median
low_current_sweep_correction_curve.csv,67,8,7.494461536407471,8,7.942,0.058,53,0.046,,,64,16,0,1.4,8.412697,stable_by_dm3058_group_median
low_current_sweep_correction_curve.csv,68,8,7.978327751159668,8,8.541,-0.541,57,0.049,,,64,16,0,1.4,8.408268999999999,stable_by_dm3058_group_median
low_current_sweep_correction_curve.csv,69,8,8.944220066070557,8,7.942,0.058,53,0.046,,,64,16,0,1.4,8.719945,stable_by_dm3058_group_median
low_current_sweep_correction_curve.csv,70,8,9.427482604980469,8,8.541,-0.541,57,0.049,,,64,16,0,1.4,8.105159,stable_by_dm3058_group_median
low_current_sweep_correction_curve.csv,71,8,9.910703420639038,8,7.942,0.058,53,0.046,,,64,16,0,1.4,8.105589,stable_by_dm3058_group_median
low_current_sweep_correction_curve.csv,72,8,10.878135919570923,8,7.942,0.058,53,0.046,,,64,16,0,1.4,8.720053,stable_by_dm3058_group_median
low_current_sweep_correction_curve.csv,73,8,11.360916137695312,8,7.792,0.208,52,0.045,,,64,16,0,1.5,8.105338,stable_by_dm3058_group_median
low_current_sweep_correction_curve.csv,74,8,11.843981266021729,8,7.792,0.208,52,0.045,,,64,16,0,1.4,8.105658,stable_by_dm3058_group_median
low_current_sweep_correction_curve.csv,75,8,12.327048778533936,8,7.942,0.058,53,0.046,,,64,16,0,1.4,8.206797,stable_by_dm3058_group_median
low_current_sweep_latest.csv,8,1,6.221663475036621,1,2.158,-1.158,15,0.013,,,64,16,6,0.1,1.177343,stable_by_dm3058_group_median
low_current_sweep_latest.csv,68,8,6.82739782333374,1,1.582,-0.582,11,0.008,,,64,16,76,0.2,1.1880199999999999,stable_by_dm3058_group_median
low_current_sweep_latest.csv,31,3,6.9570581912994385,1,1.582,-0.582,11,0.008,,,64,16,30,0.1,1.074866,stable_by_dm3058_group_median
low_current_sweep_latest.csv,9,1,7.3816447257995605,1,0.0,1.0,0,0.0,,,64,16,7,0.3,1.074915,stable_by_dm3058_group_median
low_current_sweep_latest.csv,32,3,7.439580202102661,1,0.0,1.0,0,0.0,,,64,16,31,0.3,1.27944,stable_by_dm3058_group_median
low_current_sweep_latest.csv,10,1,7.861552715301514,1,2.158,-1.158,15,0.013,,,64,16,8,0.1,1.268378,stable_by_dm3058_group_median
low_current_sweep_latest.csv,33,3,7.923058748245239,1,2.158,-1.158,15,0.013,,,64,16,32,0.1,1.061416,stable_by_dm3058_group_median
low_current_sweep_latest.csv,70,8,8.632872581481934,1,2.158,-1.158,15,0.013,,,64,16,78,0.2,1.074832,stable_by_dm3058_group_median
low_current_sweep_latest.csv,11,1,9.181397199630737,1,1.582,-0.582,11,0.008,,,64,16,8,0.1,1.0748909999999998,stable_by_dm3058_group_median
low_current_sweep_latest.csv,12,1,9.661585330963135,1,0.0,1.0,0,0.0,,,64,16,9,0.3,1.278378,stable_by_dm3058_group_median
low_current_sweep_latest.csv,51,5,10.05108642578125,1,0.0,1.0,0,0.0,,,64,16,50,0.2,1.0748419999999999,stable_by_dm3058_group_median
low_current_sweep_latest.csv,13,1,10.152391195297241,1,2.158,-1.158,15,0.013,,,64,16,10,0.1,1.068543,stable_by_dm3058_group_median
low_current_sweep_latest.csv,53,5,11.01616096496582,1,0.0,1.0,0,0.0,,,64,16,52,0.2,1.0749410000000001,stable_by_dm3058_group_median
low_current_sweep_latest.csv,14,1,11.07154893875122,1,1.582,-0.582,11,0.008,,,64,16,10,0.1,1.07489,stable_by_dm3058_group_median
low_current_sweep_latest.csv,37,3,11.884113073348999,1,1.582,-0.582,11,0.008,,,64,16,34,0.1,1.07485,stable_by_dm3058_group_median
low_current_sweep_latest.csv,16,1,12.871347904205322,1,2.158,-1.158,15,0.013,,,64,16,12,0.1,1.07488,stable_by_dm3058_group_median
low_current_sweep_latest.csv,40,3,14.09256386756897,1,1.582,-0.582,11,0.008,,,64,16,36,0.1,1.0749240000000002,stable_by_dm3058_group_median
low_current_sweep_latest.csv,17,1,14.111690521240234,1,0.0,1.0,0,0.0,,,64,16,13,0.3,1.0749469999999999,stable_by_dm3058_group_median
low_current_sweep_latest.csv,18,1,14.599650144577026,1,2.158,-1.158,15,0.013,,,64,16,14,0.1,1.279482,stable_by_dm3058_group_median
low_current_sweep_latest.csv,74,8,14.787539005279541,1,1.582,-0.582,11,0.008,,,64,16,81,0.1,1.074918,stable_by_dm3058_group_median
low_current_sweep_latest.csv,19,1,15.083932876586914,1,1.582,-0.582,11,0.008,,,64,16,14,0.1,1.053652,stable_by_dm3058_group_median
low_current_sweep_latest.csv,75,8,15.269207000732422,1,0.0,1.0,0,0.0,,,64,16,82,0.3,1.268805,stable_by_dm3058_group_median
low_current_sweep_latest.csv,20,1,15.566619873046875,1,0.0,1.0,0,0.0,,,64,16,15,0.3,1.074925,stable_by_dm3058_group_median
low_current_sweep_latest.csv,76,8,15.751415967941284,1,2.158,-1.158,15,0.013,,,64,16,83,0.1,0.9974537,stable_by_dm3058_group_median
low_current_sweep_latest.csv,77,8,16.237494468688965,1,1.582,-0.582,11,0.008,,,64,16,83,0.2,1.074886,stable_by_dm3058_group_median
low_current_sweep_latest.csv,78,8,17.237404584884644,1,0.0,1.0,0,0.0,,,64,16,84,0.2,1.074908,stable_by_dm3058_group_median
low_current_sweep_latest.csv,58,5,17.41093158721924,1,0.0,1.0,0,0.0,,,64,16,56,0.2,1.075129,stable_by_dm3058_group_median
low_current_sweep_latest.csv,59,5,18.652303457260132,1,2.158,-1.158,15,0.013,,,64,16,57,0.1,1.074886,stable_by_dm3058_group_median
low_current_sweep_latest.csv,23,1,19.046950817108154,1,0.0,1.0,0,0.0,,,64,16,17,0.3,1.178632,stable_by_dm3058_group_median
low_current_sweep_latest.csv,60,5,19.141015768051147,1,0.0,1.0,0,0.0,,,64,16,58,0.3,1.041028,stable_by_dm3058_group_median
low_current_sweep_latest.csv,80,8,19.4460346698761,1,0.0,1.0,0,0.0,,,64,16,84,0.3,1.006086,stable_by_dm3058_group_median
low_current_sweep_latest.csv,81,8,19.924012660980225,1,0.0,1.0,0,0.0,,,64,16,84,0.2,1.074908,stable_by_dm3058_group_median
low_current_sweep_latest.csv,82,8,20.91914439201355,1,1.582,-0.582,11,0.008,,,64,16,84,0.1,1.07488,stable_by_dm3058_group_median
low_current_sweep_latest.csv,83,8,21.409090042114258,1,0.0,1.0,0,0.0,,,64,16,85,0.3,1.2793349999999999,stable_by_dm3058_group_median
low_current_sweep_latest.csv,116,15,4.892361402511597,10,10.65,-0.65,73,0.063,,,64,16,0,1.9,11.181949999999999,stable_by_dm3058_group_median
low_current_sweep_latest.csv,90,10,5.095494985580444,10,10.65,-0.65,73,0.063,,,64,16,0,1.8,11.1822,stable_by_dm3058_group_median
low_current_sweep_latest.csv,117,15,5.37759804725647,10,10.65,-0.65,73,0.063,,,64,16,0,1.8,11.08214,stable_by_dm3058_group_median
low_current_sweep_latest.csv,91,10,5.585873365402222,10,9.525,0.475,66,0.058,,,64,16,0,2.0,10.73874,stable_by_dm3058_group_median
low_current_sweep_latest.csv,92,10,6.0656352043151855,10,10.001,-0.001,69,0.06,,,64,16,0,1.9,11.12838,stable_by_dm3058_group_median
low_current_sweep_latest.csv,118,15,6.344274997711182,10,11.295,-1.295,77,0.068,,,64,16,0,1.8,11.18148,stable_by_dm3058_group_median
low_current_sweep_latest.csv,93,10,6.550236701965332,10,9.525,0.475,66,0.058,,,64,16,0,1.9,11.18162,stable_by_dm3058_group_median
low_current_sweep_latest.csv,119,15,6.828205823898315,10,9.525,0.475,66,0.058,,,64,16,0,2.0,10.59212,stable_by_dm3058_group_median
low_current_sweep_latest.csv,120,15,7.30699348449707,10,9.063,0.937,63,0.055,,,64,16,0,2.0,10.974060000000001,stable_by_dm3058_group_median
low_current_sweep_latest.csv,94,10,7.521342515945435,10,10.65,-0.65,73,0.063,,,64,16,0,1.8,11.181939999999999,stable_by_dm3058_group_median
low_current_sweep_latest.csv,121,15,7.794997215270996,10,9.063,0.937,63,0.055,,,64,16,0,1.9,10.74901,stable_by_dm3058_group_median
low_current_sweep_latest.csv,95,10,8.004225730895996,10,9.525,0.475,66,0.058,,,64,16,0,1.9,11.18216,stable_by_dm3058_group_median
low_current_sweep_latest.csv,96,10,8.488224029541016,10,9.525,0.475,66,0.058,,,64,16,0,1.9,11.18224,stable_by_dm3058_group_median
low_current_sweep_latest.csv,122,15,8.761150360107422,10,10.001,-0.001,69,0.06,,,64,16,0,1.8,11.79649,stable_by_dm3058_group_median
low_current_sweep_latest.csv,123,15,9.242290496826172,10,11.295,-1.295,77,0.068,,,64,16,0,1.8,11.07923,stable_by_dm3058_group_median
low_current_sweep_latest.csv,97,10,9.44597601890564,10,10.65,-0.65,73,0.063,,,64,16,0,1.8,11.18238,stable_by_dm3058_group_median
low_current_sweep_latest.csv,124,15,9.72262454032898,10,10.65,-0.65,73,0.063,,,64,16,0,1.8,11.15387,stable_by_dm3058_group_median
low_current_sweep_latest.csv,98,10,9.9357750415802,10,10.65,-0.65,73,0.063,,,64,16,0,1.8,11.79305,stable_by_dm3058_group_median
low_current_sweep_latest.csv,99,10,10.415920972824097,10,11.295,-1.295,77,0.068,,,64,16,0,1.8,11.08126,stable_by_dm3058_group_median
low_current_sweep_latest.csv,125,15,10.692564487457275,10,11.295,-1.295,77,0.068,,,64,16,0,1.8,11.18127,stable_by_dm3058_group_median
low_current_sweep_latest.csv,100,10,10.895724058151245,10,10.65,-0.65,73,0.063,,,64,16,0,1.8,10.985240000000001,stable_by_dm3058_group_median
low_current_sweep_latest.csv,126,15,11.177757501602173,10,10.65,-0.65,73,0.063,,,64,16,0,1.8,11.181750000000001,stable_by_dm3058_group_median
low_current_sweep_latest.csv,127,15,11.652232885360718,10,10.65,-0.65,73,0.063,,,64,16,0,1.9,11.18157,stable_by_dm3058_group_median
low_current_sweep_latest.csv,101,10,11.865817546844482,10,10.65,-0.65,73,0.063,,,64,16,0,1.9,11.181470000000001,stable_by_dm3058_group_median
low_current_sweep_latest.csv,128,15,12.144823789596558,10,9.525,0.475,66,0.058,,,64,16,0,2.0,11.27527,stable_by_dm3058_group_median
low_current_sweep_latest.csv,102,10,12.3546462059021,10,9.525,0.475,66,0.058,,,64,16,0,1.9,11.181659999999999,stable_by_dm3058_group_median
low_current_sweep_latest.csv,103,10,12.83760690689087,10,9.525,0.475,66,0.058,,,64,16,0,1.9,11.18206,stable_by_dm3058_group_median
low_current_sweep_latest.csv,129,15,13.105696678161621,10,9.063,0.937,63,0.055,,,64,16,0,1.9,10.56495,stable_by_dm3058_group_median
low_current_sweep_latest.csv,104,10,13.315829992294312,10,10.65,-0.65,73,0.063,,,64,16,0,1.8,10.97882,stable_by_dm3058_group_median
low_current_sweep_latest.csv,130,15,13.591975927352905,10,10.001,-0.001,69,0.06,,,64,16,0,1.9,11.181999999999999,stable_by_dm3058_group_median
low_current_sweep_latest.csv,131,15,14.075908422470093,10,9.525,0.475,66,0.058,,,64,16,0,2.0,11.07598,stable_by_dm3058_group_median
low_current_sweep_latest.csv,105,10,14.286563396453857,10,10.65,-0.65,73,0.063,,,64,16,0,1.8,11.18225,stable_by_dm3058_group_median
low_current_sweep_latest.csv,132,15,14.562346458435059,10,10.001,-0.001,69,0.06,,,64,16,0,1.8,10.59059,stable_by_dm3058_group_median
low_current_sweep_latest.csv,106,10,14.765573978424072,10,10.65,-0.65,73,0.063,,,64,16,0,1.8,11.53918,stable_by_dm3058_group_median
low_current_sweep_latest.csv,107,10,15.24559736251831,10,11.295,-1.295,77,0.068,,,64,16,0,1.8,11.38604,stable_by_dm3058_group_median
low_current_sweep_latest.csv,133,15,15.522268533706665,10,9.68,0.32,67,0.058,,,64,16,0,1.9,11.181949999999999,stable_by_dm3058_group_median
low_current_sweep_latest.csv,134,15,16.002105236053467,10,9.525,0.475,66,0.058,,,64,16,0,1.9,11.1822,stable_by_dm3058_group_median
low_current_sweep_latest.csv,108,10,16.221261978149414,10,11.295,-1.295,77,0.068,,,64,16,0,1.8,11.18127,stable_by_dm3058_group_median
low_current_sweep_latest.csv,142,20,4.888163805007935,20,18.017,1.983,115,0.101,,,48,12,0,3.3,19.71941,stable_by_dm3058_group_median
low_current_sweep_latest.csv,143,20,5.377726316452026,20,19.646,0.354,128,0.113,,,48,12,0,3.3,19.71937,stable_by_dm3058_group_median
low_current_sweep_latest.csv,144,20,5.8584582805633545,20,18.689,1.311,118,0.104,,,48,12,0,3.3,19.719440000000002,stable_by_dm3058_group_median
low_current_sweep_latest.csv,145,20,6.344218492507935,20,19.814,0.186,128,0.113,,,48,12,0,3.3,19.96048,stable_by_dm3058_group_median
low_current_sweep_latest.csv,146,20,6.827196836471558,20,19.1,0.9,122,0.107,,,48,12,0,3.4,20.327789999999997,stable_by_dm3058_group_median
low_current_sweep_latest.csv,147,20,7.7942094802856445,20,20.272,-0.272,131,0.115,,,48,12,0,3.4,20.32755,stable_by_dm3058_group_median
low_current_sweep_latest.csv,148,20,8.277253150939941,20,19.399,0.601,122,0.107,,,48,12,0,3.4,20.32758,stable_by_dm3058_group_median
low_current_sweep_latest.csv,149,20,8.758325815200806,20,20.347,-0.347,131,0.115,,,48,12,0,3.4,20.327749999999998,stable_by_dm3058_group_median
low_current_sweep_latest.csv,150,20,9.238266706466675,20,19.417,0.583,122,0.107,,,48,12,0,3.4,20.327789999999997,stable_by_dm3058_group_median
low_current_sweep_latest.csv,151,20,9.722574472427368,20,20.351,-0.351,131,0.115,,,48,12,0,3.4,20.327810000000003,stable_by_dm3058_group_median
low_current_sweep_latest.csv,152,20,10.210261583328247,20,19.418,0.582,122,0.107,,,48,12,0,3.4,20.32795,stable_by_dm3058_group_median
low_current_sweep_latest.csv,153,20,10.694402933120728,20,20.351,-0.351,131,0.115,,,48,12,0,3.4,20.3279,stable_by_dm3058_group_median
low_current_sweep_latest.csv,154,20,11.660968542098999,20,19.418,0.582,122,0.107,,,48,12,0,3.4,20.32766,stable_by_dm3058_group_median
low_current_sweep_latest.csv,155,20,12.144063711166382,20,20.351,-0.351,131,0.115,,,48,12,0,3.4,20.327669999999998,stable_by_dm3058_group_median
low_current_sweep_latest.csv,156,20,12.619874954223633,20,19.418,0.582,122,0.107,,,48,12,0,3.4,20.327810000000003,stable_by_dm3058_group_median
low_current_sweep_latest.csv,157,20,13.108701944351196,20,20.351,-0.351,131,0.115,,,48,12,0,3.4,20.32766,stable_by_dm3058_group_median
low_current_sweep_latest.csv,158,20,13.591464519500732,20,19.418,0.582,122,0.107,,,48,12,0,3.4,20.327740000000002,stable_by_dm3058_group_median
low_current_sweep_latest.csv,159,20,14.07833456993103,20,20.351,-0.351,131,0.115,,,48,12,0,3.4,20.32769,stable_by_dm3058_group_median
low_current_sweep_latest.csv,160,20,14.558353662490845,20,19.418,0.582,122,0.107,,,48,12,0,3.5,20.46581,stable_by_dm3058_group_median
low_current_sweep_latest.csv,161,20,15.51829981803894,20,20.548,-0.548,131,0.115,,,48,12,0,3.4,20.327669999999998,stable_by_dm3058_group_median
low_current_sweep_latest.csv,162,20,16.00851011276245,20,19.468,0.532,122,0.107,,,48,12,0,3.4,20.327740000000002,stable_by_dm3058_group_median
low_current_sweep_start_duty.csv,82,10,4.1114585399627686,10,9.68,0.32,67,0.058,,,64,16,0,1.9,11.1854,stable_by_dm3058_group_median
low_current_sweep_start_duty.csv,83,10,4.595599412918091,10,10.65,-0.65,73,0.063,,,64,16,0,1.8,11.13124,stable_by_dm3058_group_median
low_current_sweep_start_duty.csv,84,10,5.077359437942505,10,10.65,-0.65,73,0.063,,,64,16,0,1.8,11.2982,stable_by_dm3058_group_median
low_current_sweep_start_duty.csv,85,10,5.561254262924194,10,11.295,-1.295,77,0.068,,,64,16,0,1.8,11.28823,stable_by_dm3058_group_median
low_current_sweep_start_duty.csv,86,10,6.527414321899414,10,10.65,-0.65,73,0.063,,,64,16,0,1.8,11.797979999999999,stable_by_dm3058_group_median
low_current_sweep_start_duty.csv,87,10,7.0121495723724365,10,11.295,-1.295,77,0.068,,,64,16,0,1.8,11.07974,stable_by_dm3058_group_median
low_current_sweep_start_duty.csv,88,10,7.4912919998168945,10,10.65,-0.65,73,0.063,,,64,16,0,1.8,10.98637,stable_by_dm3058_group_median
low_current_sweep_start_duty.csv,89,10,8.461294889450073,10,10.65,-0.65,73,0.063,,,64,16,0,1.9,11.18403,stable_by_dm3058_group_median
low_current_sweep_start_duty.csv,90,10,8.9451904296875,10,10.65,-0.65,73,0.063,,,64,16,0,1.8,11.79857,stable_by_dm3058_group_median
low_current_sweep_start_duty.csv,91,10,9.42635703086853,10,11.295,-1.295,77,0.068,,,64,16,0,1.8,11.09516,stable_by_dm3058_group_median
low_current_sweep_start_duty.csv,92,10,9.911373615264893,10,10.65,-0.65,73,0.063,,,64,16,0,1.8,11.096079999999999,stable_by_dm3058_group_median
low_current_sweep_start_duty.csv,93,10,10.876008987426758,10,11.295,-1.295,77,0.068,,,64,16,0,1.8,11.183459999999998,stable_by_dm3058_group_median
low_current_sweep_start_duty.csv,94,10,11.361479759216309,10,10.65,-0.65,73,0.063,,,64,16,0,1.8,11.65025,stable_by_dm3058_group_median
low_current_sweep_start_duty.csv,95,10,11.845005989074707,10,11.295,-1.295,77,0.068,,,64,16,0,1.8,11.063180000000001,stable_by_dm3058_group_median
low_current_sweep_start_duty.csv,101,15,3.3987605571746826,15,15.589,-0.589,104,0.091,,,48,12,0,2.6,16.069779999999998,stable_by_dm3058_group_median
low_current_sweep_start_duty.csv,102,15,3.887221097946167,15,14.592,0.408,96,0.084,,,48,12,0,2.7,16.07003,stable_by_dm3058_group_median
low_current_sweep_start_duty.csv,103,15,4.3689000606536865,15,15.642,-0.642,105,0.092,,,48,12,0,2.6,15.957780000000001,stable_by_dm3058_group_median
low_current_sweep_start_duty.csv,104,15,4.852142333984375,15,14.606,0.394,96,0.084,,,48,12,0,2.7,16.07025,stable_by_dm3058_group_median
low_current_sweep_start_duty.csv,105,15,5.3372602462768555,15,15.56,-0.56,104,0.091,,,48,12,0,2.6,15.920360000000002,stable_by_dm3058_group_median
low_current_sweep_start_duty.csv,106,15,6.298680543899536,15,14.585,0.415,96,0.084,,,48,12,0,2.7,15.97154,stable_by_dm3058_group_median
low_current_sweep_start_duty.csv,107,15,6.785358905792236,15,15.555,-0.555,104,0.091,,,48,12,0,2.6,16.07051,stable_by_dm3058_group_median
low_current_sweep_start_duty.csv,108,15,7.268683671951294,15,14.584,0.416,96,0.084,,,48,12,0,2.7,15.459439999999999,stable_by_dm3058_group_median
low_current_sweep_start_duty.csv,109,15,7.751602411270142,15,15.245,-0.245,100,0.088,,,48,12,0,2.6,16.05819,stable_by_dm3058_group_median
low_current_sweep_start_duty.csv,110,15,8.23732304573059,15,14.506,0.494,96,0.084,,,48,12,0,2.7,16.07066,stable_by_dm3058_group_median
low_current_sweep_start_duty.csv,111,15,8.720694780349731,15,15.535,-0.535,104,0.091,,,48,12,0,2.6,15.92735,stable_by_dm3058_group_median
low_current_sweep_start_duty.csv,112,15,9.202725172042847,15,14.579,0.421,96,0.084,,,48,12,0,2.7,16.07074,stable_by_dm3058_group_median
low_current_sweep_start_duty.csv,113,15,10.170701026916504,15,15.554,-0.554,104,0.091,,,48,12,0,2.6,16.07076,stable_by_dm3058_group_median
low_current_sweep_start_duty.csv,114,15,10.648733854293823,15,14.584,0.416,96,0.084,,,48,12,0,2.7,16.07049,stable_by_dm3058_group_median
low_current_sweep_start_duty.csv,115,15,11.137729406356812,15,15.597,-0.597,104,0.091,,,48,12,0,2.6,16.07078,stable_by_dm3058_group_median
low_current_sweep_start_duty.csv,116,15,11.618622303009033,15,14.594,0.406,96,0.084,,,48,12,0,2.7,16.07075,stable_by_dm3058_group_median
low_current_sweep_start_duty.csv,117,15,12.098880529403687,15,15.557,-0.557,104,0.091,,,48,12,0,2.6,15.96891,stable_by_dm3058_group_median
low_current_sweep_start_duty.csv,123,20,3.6288678646087646,20,20.508,-0.508,132,0.116,,,48,12,0,3.4,20.33127,stable_by_dm3058_group_median
low_current_sweep_start_duty.csv,124,20,4.111292123794556,20,19.546,0.454,123,0.108,,,48,12,0,3.4,20.33153,stable_by_dm3058_group_median
low_current_sweep_start_duty.csv,125,20,4.594911575317383,20,20.501,-0.501,132,0.116,,,48,12,0,3.4,20.33158,stable_by_dm3058_group_median
low_current_sweep_start_duty.csv,126,20,5.077436923980713,20,19.589,0.411,123,0.108,,,48,12,0,3.4,20.33169,stable_by_dm3058_group_median
low_current_sweep_start_duty.csv,127,20,5.560851097106934,20,20.512,-0.512,132,0.116,,,48,12,0,3.4,20.33174,stable_by_dm3058_group_median
low_current_sweep_start_duty.csv,128,20,6.045223951339722,20,19.459,0.541,122,0.107,,,48,12,0,3.4,20.33167,stable_by_dm3058_group_median
low_current_sweep_start_duty.csv,129,20,6.522290229797363,20,20.479,-0.479,132,0.116,,,48,12,0,3.4,20.331809999999997,stable_by_dm3058_group_median
low_current_sweep_start_duty.csv,130,20,7.494039058685303,20,19.45,0.55,122,0.107,,,48,12,0,3.4,20.331889999999998,stable_by_dm3058_group_median
low_current_sweep_start_duty.csv,131,20,7.97270393371582,20,20.477,-0.477,132,0.116,,,48,12,0,3.4,20.331979999999998,stable_by_dm3058_group_median
low_current_sweep_start_duty.csv,132,20,8.460285186767578,20,19.583,0.417,123,0.108,,,48,12,0,3.4,20.33202,stable_by_dm3058_group_median
low_current_sweep_start_duty.csv,133,20,8.945908784866333,20,20.51,-0.51,132,0.116,,,48,12,0,3.4,20.33203,stable_by_dm3058_group_median
low_current_sweep_start_duty.csv,134,20,9.428005456924438,20,19.502,0.498,122,0.107,,,48,12,0,3.4,20.33203,stable_by_dm3058_group_median
low_current_sweep_start_duty.csv,135,20,9.911113262176514,20,20.49,-0.49,132,0.116,,,48,12,0,3.4,20.33203,stable_by_dm3058_group_median
low_current_sweep_start_duty.csv,136,20,10.395149946212769,20,19.542,0.458,123,0.108,,,48,12,0,3.4,20.331970000000002,stable_by_dm3058_group_median
low_current_sweep_start_duty.csv,137,20,11.361413955688477,20,20.5,-0.5,132,0.116,,,48,12,0,3.4,20.33204,stable_by_dm3058_group_median
low_current_sweep_start_duty.csv,138,20,11.845342874526978,20,19.544,0.456,123,0.108,,,48,12,0,3.4,20.33213,stable_by_dm3058_group_median
low_current_sweep_start_duty.csv,139,20,12.322408199310303,20,20.501,-0.501,132,0.116,,,48,12,0,3.4,20.33199,stable_by_dm3058_group_median
low_current_sweep_start_duty.csv,22,3,3.9663729667663574,3,3.021,-0.021,21,0.017,,,64,16,4,0.5,2.784093,stable_by_dm3058_group_median
low_current_sweep_start_duty.csv,23,3,4.4502058029174805,3,3.021,-0.021,21,0.017,,,64,16,5,0.5,2.784218,stable_by_dm3058_group_median
low_current_sweep_start_duty.csv,24,3,4.933192253112793,3,3.021,-0.021,21,0.017,,,64,16,6,0.5,2.7840130000000003,stable_by_dm3058_group_median
low_current_sweep_start_duty.csv,25,3,5.900561332702637,3,3.021,-0.021,21,0.017,,,64,16,7,0.5,2.784075,stable_by_dm3058_group_median
low_current_sweep_start_duty.csv,26,3,6.38404655456543,3,3.021,-0.021,21,0.017,,,64,16,8,0.5,2.784236,stable_by_dm3058_group_median
low_current_sweep_start_duty.csv,27,3,6.8671581745147705,3,3.021,-0.021,21,0.017,,,64,16,9,0.5,2.784078,stable_by_dm3058_group_median
low_current_sweep_start_duty.csv,28,3,7.3502678871154785,3,3.021,-0.021,21,0.017,,,64,16,10,0.5,2.784187,stable_by_dm3058_group_median
low_current_sweep_start_duty.csv,29,3,8.316933631896973,3,3.021,-0.021,21,0.017,,,64,16,11,0.5,2.784146,stable_by_dm3058_group_median
low_current_sweep_start_duty.csv,30,3,8.80031442642212,3,3.021,-0.021,21,0.017,,,64,16,12,0.5,2.7841519999999997,stable_by_dm3058_group_median
low_current_sweep_start_duty.csv,31,3,9.283334970474243,3,3.021,-0.021,21,0.017,,,64,16,13,0.5,2.784189,stable_by_dm3058_group_median
low_current_sweep_start_duty.csv,33,3,10.733947992324829,3,2.589,0.411,18,0.015,,,64,16,15,0.5,2.784236,stable_by_dm3058_group_median
low_current_sweep_start_duty.csv,34,3,11.217408180236816,3,3.021,-0.021,21,0.017,,,64,16,16,0.5,2.784189,stable_by_dm3058_group_median
low_current_sweep_start_duty.csv,35,3,11.699910163879395,3,3.021,-0.021,21,0.017,,,64,16,17,0.5,2.7841810000000002,stable_by_dm3058_group_median
low_current_sweep_start_duty.csv,36,3,12.666561365127563,3,3.021,-0.021,21,0.017,,,64,16,18,0.5,2.784086,stable_by_dm3058_group_median
low_current_sweep_start_duty.csv,42,5,3.628053665161133,5,4.891,0.109,34,0.029,,,64,16,5,0.9,5.192368,stable_by_dm3058_group_median
low_current_sweep_start_duty.csv,43,5,4.593085289001465,5,5.467,-0.467,38,0.033,,,64,16,5,0.9,5.0826020000000005,stable_by_dm3058_group_median
low_current_sweep_start_duty.csv,44,5,5.075656890869141,5,4.891,0.109,34,0.029,,,64,16,6,0.9,5.082802,stable_by_dm3058_group_median
low_current_sweep_start_duty.csv,45,5,5.559019565582275,5,4.891,0.109,34,0.029,,,64,16,8,0.9,5.082782999999999,stable_by_dm3058_group_median
low_current_sweep_start_duty.csv,46,5,6.042131185531616,5,4.891,0.109,34,0.029,,,64,16,9,0.9,5.082914,stable_by_dm3058_group_median
low_current_sweep_start_duty.csv,47,5,7.011752605438232,5,4.891,0.109,34,0.029,,,64,16,9,0.9,5.083031,stable_by_dm3058_group_median
low_current_sweep_start_duty.csv,49,5,7.978341817855835,5,4.891,0.109,34,0.029,,,64,16,12,1.0,5.397837,stable_by_dm3058_group_median
low_current_sweep_start_duty.csv,50,5,8.464439153671265,5,5.467,-0.467,38,0.033,,,64,16,13,0.9,5.081399,stable_by_dm3058_group_median
low_current_sweep_start_duty.csv,51,5,9.42509126663208,5,4.891,0.109,34,0.029,,,64,16,14,0.9,5.083552,stable_by_dm3058_group_median
low_current_sweep_start_duty.csv,52,5,9.911721467971802,5,4.891,0.109,34,0.029,,,64,16,14,0.9,5.083704,stable_by_dm3058_group_median
low_current_sweep_start_duty.csv,54,5,11.361886501312256,5,4.891,0.109,34,0.029,,,64,16,17,1.0,5.08351,stable_by_dm3058_group_median
low_current_sweep_start_duty.csv,55,5,11.841823816299438,5,4.891,0.109,34,0.029,,,64,16,17,0.9,5.083749999999999,stable_by_dm3058_group_median
low_current_sweep_start_duty.csv,56,5,12.32578182220459,5,4.891,0.109,34,0.029,,,64,16,19,1.0,5.273496,stable_by_dm3058_group_median
low_current_sweep_start_duty.csv,63,8,4.591229438781738,8,7.624,0.376,53,0.046,,,64,16,0,1.6,8.727161,stable_by_dm3058_group_median
low_current_sweep_start_duty.csv,64,8,5.07094669342041,8,8.2,-0.2,57,0.049,,,64,16,0,1.5,8.72738,stable_by_dm3058_group_median
low_current_sweep_start_duty.csv,65,8,5.561244010925293,8,8.2,-0.2,57,0.049,,,64,16,0,1.5,8.727689,stable_by_dm3058_group_median
low_current_sweep_start_duty.csv,66,8,6.524752616882324,8,7.624,0.376,53,0.046,,,64,16,0,1.6,8.727463,stable_by_dm3058_group_median
low_current_sweep_start_duty.csv,67,8,7.01107120513916,8,8.2,-0.2,57,0.049,,,64,16,0,1.5,8.727767,stable_by_dm3058_group_median
low_current_sweep_start_duty.csv,68,8,7.491134405136108,8,8.2,-0.2,57,0.049,,,64,16,0,1.5,8.728065,stable_by_dm3058_group_median
low_current_sweep_start_duty.csv,69,8,7.978289604187012,8,7.624,0.376,53,0.046,,,64,16,0,1.6,8.914317,stable_by_dm3058_group_median
low_current_sweep_start_duty.csv,70,8,8.945117712020874,8,8.2,-0.2,57,0.049,,,64,16,0,1.5,8.728105999999999,stable_by_dm3058_group_median
low_current_sweep_start_duty.csv,71,8,9.428043365478516,8,8.2,-0.2,57,0.049,,,64,16,0,1.5,8.727936,stable_by_dm3058_group_median
low_current_sweep_start_duty.csv,72,8,9.910892248153687,8,8.2,-0.2,57,0.049,,,64,16,0,1.5,8.728247999999999,stable_by_dm3058_group_median
low_current_sweep_start_duty.csv,73,8,10.394801616668701,8,7.48,0.52,52,0.045,,,64,16,0,1.6,8.932582,stable_by_dm3058_group_median
low_current_sweep_start_duty.csv,74,8,11.3609299659729,8,8.2,-0.2,57,0.049,,,64,16,0,1.5,8.728065,stable_by_dm3058_group_median
low_current_sweep_start_duty.csv,75,8,11.841029644012451,8,7.624,0.376,53,0.046,,,64,16,0,1.6,8.831966999999999,stable_by_dm3058_group_median
low_current_sweep_start_duty.csv,76,8,12.327845335006714,8,8.2,-0.2,57,0.049,,,64,16,0,1.5,8.727894,stable_by_dm3058_group_median
low_current_test_after_adaptive.csv,104,15,4.128254175186157,10,11.295,-1.295,77,0.068,,,64,16,145,1.8,11.064400000000001,stable_by_dm3058_group_median
low_current_test_after_adaptive.csv,122,20,4.129103183746338,10,9.525,0.475,66,0.058,,,64,16,145,1.9,10.566370000000001,stable_by_dm3058_group_median
low_current_test_after_adaptive.csv,105,15,4.609407901763916,10,10.65,-0.65,73,0.063,,,64,16,145,1.8,11.080039999999999,stable_by_dm3058_group_median
low_current_test_after_adaptive.csv,85,10,4.6115148067474365,10,11.295,-1.295,77,0.068,,,64,16,145,1.8,11.182640000000001,stable_by_dm3058_group_median
low_current_test_after_adaptive.csv,123,20,4.6119585037231445,10,8.918,1.082,62,0.053,,,64,16,145,2.0,10.56611,stable_by_dm3058_group_median
low_current_test_after_adaptive.csv,86,10,5.090015411376953,10,10.65,-0.65,73,0.063,,,64,16,145,1.8,11.79677,stable_by_dm3058_group_median
low_current_test_after_adaptive.csv,124,20,5.09465479850769,10,9.063,0.937,63,0.055,,,64,16,145,1.9,11.1829,stable_by_dm3058_group_median
low_current_test_after_adaptive.csv,87,10,5.575341701507568,10,11.295,-1.295,77,0.068,,,64,16,145,1.8,11.42622,stable_by_dm3058_group_median
low_current_test_after_adaptive.csv,106,15,5.577441453933716,10,11.295,-1.295,77,0.068,,,64,16,145,1.8,11.1824,stable_by_dm3058_group_median
low_current_test_after_adaptive.csv,125,20,5.578242778778076,10,9.525,0.475,66,0.058,,,64,16,145,1.9,11.0801,stable_by_dm3058_group_median
low_current_test_after_adaptive.csv,107,15,6.059491157531738,10,10.65,-0.65,73,0.063,,,64,16,145,1.9,11.18272,stable_by_dm3058_group_median
low_current_test_after_adaptive.csv,88,10,6.060973644256592,10,11.295,-1.295,77,0.068,,,64,16,145,1.8,11.14009,stable_by_dm3058_group_median
low_current_test_after_adaptive.csv,108,15,6.540043115615845,10,9.525,0.475,66,0.058,,,64,16,145,2.0,11.07374,stable_by_dm3058_group_median
low_current_test_after_adaptive.csv,126,20,6.545622110366821,10,9.063,0.937,63,0.055,,,64,16,145,2.0,10.56587,stable_by_dm3058_group_median
low_current_test_after_adaptive.csv,109,15,7.023075819015503,10,10.001,-0.001,69,0.06,,,64,16,145,1.8,10.62709,stable_by_dm3058_group_median
low_current_test_after_adaptive.csv,89,10,7.025402784347534,10,10.65,-0.65,73,0.063,,,64,16,145,1.8,11.79702,stable_by_dm3058_group_median
low_current_test_after_adaptive.csv,127,20,7.02749490737915,10,8.918,1.082,62,0.053,,,64,16,145,1.9,10.589049999999999,stable_by_dm3058_group_median
low_current_test_after_adaptive.csv,90,10,7.511397838592529,10,11.295,-1.295,77,0.068,,,64,16,145,1.8,11.11385,stable_by_dm3058_group_median
low_current_test_after_adaptive.csv,128,20,7.5122389793396,10,10.001,-0.001,69,0.06,,,64,16,145,1.9,11.18094,stable_by_dm3058_group_median
low_current_test_after_adaptive.csv,129,20,7.994733095169067,10,9.525,0.475,66,0.058,,,64,16,145,1.9,11.18309,stable_by_dm3058_group_median
low_current_test_after_adaptive.csv,91,10,7.995198488235474,10,9.525,0.475,66,0.058,,,64,16,145,2.0,11.069249999999998,stable_by_dm3058_group_median
low_current_test_after_adaptive.csv,92,10,8.475370645523071,10,8.918,1.082,62,0.053,,,64,16,145,2.0,10.97437,stable_by_dm3058_group_median
low_current_test_after_adaptive.csv,130,20,8.961914539337158,10,9.68,0.32,67,0.058,,,64,16,145,1.9,10.5664,stable_by_dm3058_group_median
low_current_test_after_adaptive.csv,131,20,9.443328380584717,10,8.918,1.082,62,0.053,,,64,16,145,2.0,10.77086,stable_by_dm3058_group_median
low_current_test_after_adaptive.csv,93,10,9.445023775100708,10,8.918,1.082,62,0.053,,,64,16,145,2.0,10.56556,stable_by_dm3058_group_median
low_current_test_after_adaptive.csv,94,10,9.926499128341675,10,8.918,1.082,62,0.053,,,64,16,145,1.9,10.67102,stable_by_dm3058_group_median
low_current_test_after_adaptive.csv,132,20,9.928296089172363,10,9.063,0.937,63,0.055,,,64,16,145,1.9,10.75199,stable_by_dm3058_group_median
low_current_test_after_adaptive.csv,95,10,10.411082744598389,10,10.001,-0.001,69,0.06,,,64,16,145,1.9,11.08008,stable_by_dm3058_group_median
low_current_test_after_adaptive.csv,112,15,10.411751508712769,10,10.65,-0.65,73,0.063,,,64,16,145,1.8,11.79782,stable_by_dm3058_group_median
low_current_test_after_adaptive.csv,113,15,10.889378309249878,10,11.295,-1.295,77,0.068,,,64,16,145,1.8,11.0646,stable_by_dm3058_group_median
low_current_test_after_adaptive.csv,133,20,10.893503427505493,10,9.063,0.937,63,0.055,,,64,16,145,2.0,10.56609,stable_by_dm3058_group_median
low_current_test_after_adaptive.csv,114,15,11.369286060333252,10,10.65,-0.65,73,0.063,,,64,16,145,1.8,11.1828,stable_by_dm3058_group_median
low_current_test_after_adaptive.csv,134,20,11.373273849487305,10,10.001,-0.001,69,0.06,,,64,16,145,1.8,11.18313,stable_by_dm3058_group_median
low_current_test_after_adaptive.csv,96,10,11.378102779388428,10,10.65,-0.65,73,0.063,,,64,16,145,1.8,11.18298,stable_by_dm3058_group_median
low_current_test_after_adaptive.csv,135,20,11.853232383728027,10,10.65,-0.65,73,0.063,,,64,16,145,1.8,11.39372,stable_by_dm3058_group_median
low_current_test_after_adaptive.csv,115,15,11.859401941299438,10,11.295,-1.295,77,0.068,,,64,16,145,1.8,11.072759999999999,stable_by_dm3058_group_median
low_current_test_after_adaptive.csv,97,10,11.861392736434937,10,10.65,-0.65,73,0.063,,,64,16,145,1.8,11.79733,stable_by_dm3058_group_median
low_current_test_after_adaptive.csv,98,10,12.339015245437622,10,11.295,-1.295,77,0.068,,,64,16,145,1.8,11.406970000000001,stable_by_dm3058_group_median
low_current_test_after_adaptive.csv,116,15,12.341352701187134,10,10.65,-0.65,73,0.063,,,64,16,145,1.9,11.79774,stable_by_dm3058_group_median
low_current_test_after_adaptive.csv,136,20,12.34346318244934,10,11.295,-1.295,77,0.068,,,64,16,145,1.8,11.1079,stable_by_dm3058_group_median
low_current_test_after_adaptive.csv,26,3,3.6441469192504883,5,4.891,0.109,34,0.029,,,64,16,109,0.9,5.083111000000001,stable_by_dm3058_group_median
low_current_test_after_adaptive.csv,6,1,3.9672601222991943,5,4.891,0.109,34,0.029,,,64,16,91,0.9,5.0832489999999995,stable_by_dm3058_group_median
low_current_test_after_adaptive.csv,27,3,4.12756085395813,5,4.891,0.109,34,0.029,,,64,16,111,1.0,5.264076,stable_by_dm3058_group_median
low_current_test_after_adaptive.csv,7,1,4.451960802078247,5,4.891,0.109,34,0.029,,,64,16,91,0.9,5.083189,stable_by_dm3058_group_median
low_current_test_after_adaptive.csv,47,5,4.609898805618286,5,5.467,-0.467,38,0.033,,,64,16,130,0.9,5.083149000000001,stable_by_dm3058_group_median
low_current_test_after_adaptive.csv,48,5,5.093136548995972,5,4.891,0.109,34,0.029,,,64,16,131,0.9,5.083291999999999,stable_by_dm3058_group_median
low_current_test_after_adaptive.csv,28,3,5.093953847885132,5,5.467,-0.467,38,0.033,,,64,16,112,0.9,5.083213,stable_by_dm3058_group_median
low_current_test_after_adaptive.csv,9,1,5.4173901081085205,5,5.467,-0.467,38,0.033,,,64,16,93,0.9,5.192339,stable_by_dm3058_group_median
low_current_test_after_adaptive.csv,29,3,5.577675819396973,5,4.891,0.109,34,0.029,,,64,16,112,0.9,5.083278,stable_by_dm3058_group_median
low_current_test_after_adaptive.csv,49,5,6.060880422592163,5,4.891,0.109,34,0.029,,,64,16,133,0.9,5.083366,stable_by_dm3058_group_median
low_current_test_after_adaptive.csv,30,3,6.061318397521973,5,4.891,0.109,34,0.029,,,64,16,114,0.9,5.083326,stable_by_dm3058_group_median
low_current_test_after_adaptive.csv,10,1,6.385079860687256,5,4.891,0.109,34,0.029,,,64,16,94,0.9,5.083206,stable_by_dm3058_group_median
low_current_test_after_adaptive.csv,50,5,6.5434041023254395,5,4.891,0.109,34,0.029,,,64,16,134,0.9,5.083392,stable_by_dm3058_group_median
low_current_test_after_adaptive.csv,31,3,6.5454418659210205,5,4.891,0.109,34,0.029,,,64,16,114,0.9,5.083333,stable_by_dm3058_group_median
low_current_test_after_adaptive.csv,11,1,6.868474960327148,5,4.891,0.109,34,0.029,,,64,16,96,0.9,5.083258,stable_by_dm3058_group_median
low_current_test_after_adaptive.csv,51,5,7.026239633560181,5,4.891,0.109,34,0.029,,,64,16,134,0.9,5.08322,stable_by_dm3058_group_median
low_current_test_after_adaptive.csv,12,1,7.350166082382202,5,4.891,0.109,34,0.029,,,64,16,97,0.9,5.083255,stable_by_dm3058_group_median
low_current_test_after_adaptive.csv,13,1,7.834723711013794,5,4.891,0.109,34,0.029,,,64,16,97,0.9,5.083255,stable_by_dm3058_group_median
low_current_test_after_adaptive.csv,33,3,7.994737386703491,5,4.891,0.109,34,0.029,,,64,16,117,1.0,5.112433,stable_by_dm3058_group_median
low_current_test_after_adaptive.csv,53,5,8.475945472717285,5,4.891,0.109,34,0.029,,,64,16,137,1.0,5.0830969999999995,stable_by_dm3058_group_median
low_current_test_after_adaptive.csv,34,3,8.476903200149536,5,5.467,-0.467,38,0.033,,,64,16,118,0.9,5.083066,stable_by_dm3058_group_median
low_current_test_after_adaptive.csv,35,3,8.961164474487305,5,4.891,0.109,34,0.029,,,64,16,119,0.9,5.083221,stable_by_dm3058_group_median
low_current_test_after_adaptive.csv,15,1,9.28485369682312,5,5.467,-0.467,38,0.033,,,64,16,99,0.9,5.083043,stable_by_dm3058_group_median
low_current_test_after_adaptive.csv,55,5,9.445120811462402,5,5.467,-0.467,38,0.033,,,64,16,138,0.9,5.099341,stable_by_dm3058_group_median
low_current_test_after_adaptive.csv,16,1,9.768084287643433,5,4.891,0.109,34,0.029,,,64,16,100,0.9,5.082994,stable_by_dm3058_group_median
low_current_test_after_adaptive.csv,36,3,9.928040266036987,5,4.891,0.109,34,0.029,,,64,16,119,0.9,5.083358,stable_by_dm3058_group_median
low_current_test_after_adaptive.csv,56,5,9.928237915039062,5,4.891,0.109,34,0.029,,,64,16,139,0.9,5.083163,stable_by_dm3058_group_median
low_current_test_after_adaptive.csv,17,1,10.734448432922363,5,4.891,0.109,34,0.029,,,64,16,102,0.9,5.083146,stable_by_dm3058_group_median
low_current_test_after_adaptive.csv,38,3,10.89385724067688,5,5.467,-0.467,38,0.033,,,64,16,121,0.9,5.178204,stable_by_dm3058_group_median
low_current_test_after_adaptive.csv,57,5,10.894313335418701,5,4.891,0.109,34,0.029,,,64,16,141,0.9,5.083312,stable_by_dm3058_group_median
low_current_test_after_adaptive.csv,18,1,11.21763277053833,5,4.891,0.109,34,0.029,,,64,16,102,0.9,5.083296,stable_by_dm3058_group_median
low_current_test_after_adaptive.csv,58,5,11.37560248374939,5,4.891,0.109,34,0.029,,,64,16,142,0.9,5.083519,stable_by_dm3058_group_median
low_current_test_after_adaptive.csv,19,1,11.70088243484497,5,4.891,0.109,34,0.029,,,64,16,104,1.0,5.249280000000001,stable_by_dm3058_group_median
low_current_test_after_adaptive.csv,39,3,11.861558198928833,5,4.891,0.109,34,0.029,,,64,16,122,0.9,5.08321,stable_by_dm3058_group_median
low_current_test_after_adaptive.csv,59,5,11.86158561706543,5,4.891,0.109,34,0.029,,,64,16,143,0.9,5.083293,stable_by_dm3058_group_median
low_current_test_after_adaptive.csv,20,1,12.184943914413452,5,5.467,-0.467,38,0.033,,,64,16,105,0.9,5.083118,stable_by_dm3058_group_median
low_current_test_after_adaptive.csv,40,3,12.343557119369507,5,4.891,0.109,34,0.029,,,64,16,124,0.9,5.083240999999999,stable_by_dm3058_group_median
low_current_test_after_adaptive.csv,64,8,3.421799421310425,8,7.624,0.376,53,0.046,,,64,16,145,1.5,8.572296,stable_by_dm3058_group_median
low_current_test_after_adaptive.csv,65,8,4.388607978820801,8,8.2,-0.2,57,0.049,,,64,16,145,1.5,8.727759,stable_by_dm3058_group_median
low_current_test_after_adaptive.csv,66,8,4.868654727935791,8,7.48,0.52,52,0.045,,,64,16,145,1.6,8.775079,stable_by_dm3058_group_median
low_current_test_after_adaptive.csv,67,8,5.355149269104004,8,7.48,0.52,52,0.045,,,64,16,145,1.6,8.918027,stable_by_dm3058_group_median
low_current_test_after_adaptive.csv,68,8,5.836024761199951,8,8.2,-0.2,57,0.049,,,64,16,145,1.5,8.726654,stable_by_dm3058_group_median
low_current_test_after_adaptive.csv,69,8,6.803415298461914,8,8.2,-0.2,57,0.049,,,64,16,145,1.5,8.727152,stable_by_dm3058_group_median
low_current_test_after_adaptive.csv,70,8,7.287234306335449,8,8.2,-0.2,57,0.049,,,64,16,145,1.5,9.239916000000001,stable_by_dm3058_group_median
low_current_test_after_adaptive.csv,71,8,7.768550395965576,8,8.775,-0.775,61,0.053,,,64,16,145,1.5,8.828374,stable_by_dm3058_group_median
low_current_test_after_adaptive.csv,72,8,8.735144853591919,8,8.2,-0.2,57,0.049,,,64,16,145,1.5,9.342614000000001,stable_by_dm3058_group_median
low_current_test_after_adaptive.csv,73,8,9.221951484680176,8,8.775,-0.775,61,0.053,,,64,16,145,1.5,9.342466,stable_by_dm3058_group_median
low_current_test_after_adaptive.csv,74,8,9.705626010894775,8,7.912,0.088,55,0.048,,,64,16,145,1.5,8.726281,stable_by_dm3058_group_median
low_current_test_after_adaptive.csv,75,8,10.184338092803955,8,8.2,-0.2,57,0.049,,,64,16,145,1.5,8.820619,stable_by_dm3058_group_median
low_current_test_after_adaptive.csv,76,8,11.155874252319336,8,8.775,-0.775,61,0.053,,,64,16,145,1.5,8.726875999999999,stable_by_dm3058_group_median
low_current_test_after_adaptive.csv,77,8,11.63821530342102,8,8.2,-0.2,57,0.049,,,64,16,145,1.5,9.280691000000001,stable_by_dm3058_group_median
low_current_test_after_adaptive.csv,78,8,12.118816614151001,8,8.775,-0.775,61,0.053,,,64,16,145,1.5,9.15714,stable_by_dm3058_group_median
