"source_file","source_row","cmd_or_set_cmd","time_s","set_ma","stm_current_ma","error_ma","adc1_raw","adc1_voltage_v","adc2_raw","adc2_voltage_v","sample_count","dropped_each_side","rejected_count","output_duty_pct","dm3058_current_ma"
"low_current_sweep_correction_curve.csv","1","1","1.7973594665527344","1","1.735","-0.735","11","0.008","","","64","16","0","0.1","-0.008161202"
"low_current_sweep_correction_curve.csv","2","1","3.46345853805542","1","0.0","1.0","0","0.0","","","64","16","1","0.3","1.2576079999999998"
"low_current_sweep_correction_curve.csv","3","1","5.2972729206085205","1","0.0","1.0","0","0.0","","","64","16","1","0.2","0.6764456"
"low_current_sweep_correction_curve.csv","4","1","5.78204083442688","1","0.0","1.0","0","0.0","","","64","16","1","0.3","1.689157"
"low_current_sweep_correction_curve.csv","5","1","6.777393817901611","1","2.366","-1.366","15","0.013","","","64","16","2","0.2","1.689119"
"low_current_sweep_correction_curve.csv","6","1","7.262348890304565","1","0.0","1.0","0","0.0","","","64","16","3","0.2","1.68926"
"low_current_sweep_correction_curve.csv","7","1","7.747370004653931","1","0.0","1.0","0","0.0","","","64","16","3","0.2","1.070284"
"low_current_sweep_correction_curve.csv","8","1","8.659279823303223","1","2.366","-1.366","15","0.013","","","64","16","4","0.1","1.074316"
"low_current_sweep_correction_curve.csv","9","1","9.147408246994019","1","2.366","-1.366","15","0.013","","","64","16","4","0.1","1.16512"
"low_current_sweep_correction_curve.csv","10","1","10.06719160079956","1","1.735","-0.735","11","0.008","","","64","16","4","0.1","2.219452"
"low_current_sweep_correction_curve.csv","11","1","11.647241830825806","1","0.0","1.0","0","0.0","","","64","16","5","0.3","-0.008202182"
"low_current_sweep_correction_curve.csv","12","1","12.887097120285034","1","2.366","-1.366","15","0.013","","","64","16","6","0.1","-0.008226698"
"low_current_sweep_correction_curve.csv","13","1","14.705196380615234","1","1.735","-0.735","11","0.008","","","64","16","6","0.1","nan"
"low_current_sweep_correction_curve.csv","14","1","16.509319305419922","1","0.0","1.0","0","0.0","","","64","16","7","0.3","nan"
"low_current_sweep_correction_curve.csv","15","1","17.866010904312134","1","0.0","1.0","0","0.0","","","64","16","7","0.3","1.074284"
"low_current_sweep_correction_curve.csv","16","1","18.34954285621643","1","2.681","-1.681","17","0.014","","","64","16","8","0.2","1.176792"
"low_current_sweep_correction_curve.csv","17","3","1.9537603855133057","3","46.751","-43.751","325","0.287","","","64","16","0","0.0","2.218716"
"low_current_sweep_correction_curve.csv","18","3","2.8557636737823486","3","0.0","3.0","0","0.0","","","64","16","1","0.3","2.781165"
"low_current_sweep_correction_curve.csv","19","3","3.338412046432495","3","2.158","0.842","15","0.013","","","64","16","2","0.4","2.78105"
"low_current_sweep_correction_curve.csv","20","3","3.822155475616455","3","2.445","0.555","17","0.014","","","64","16","3","0.5","2.781111"
"low_current_sweep_correction_curve.csv","21","3","4.306396245956421","3","3.021","-0.021","21","0.017","","","64","16","3","0.5","2.7812560000000004"
"low_current_sweep_correction_curve.csv","22","3","4.788286447525024","3","3.021","-0.021","21","0.017","","","64","16","4","0.5","2.7812650000000003"
"low_current_sweep_correction_curve.csv","23","3","5.271526336669922","3","3.021","-0.021","21","0.017","","","64","16","5","0.5","2.781279"
"low_current_sweep_correction_curve.csv","24","3","5.756313323974609","3","3.021","-0.021","21","0.017","","","64","16","7","0.5","2.781348"
"low_current_sweep_correction_curve.csv","25","3","6.2380592823028564","3","3.021","-0.021","21","0.017","","","64","16","7","0.5","2.7815209999999997"
"low_current_sweep_correction_curve.csv","26","3","6.72312331199646","3","3.021","-0.021","21","0.017","","","64","16","8","0.5","2.781474"
"low_current_sweep_correction_curve.csv","27","3","7.20579719543457","3","3.021","-0.021","21","0.017","","","64","16","9","0.5","2.7813"
"low_current_sweep_correction_curve.csv","28","3","7.688388347625732","3","3.021","-0.021","21","0.017","","","64","16","10","0.4","2.2286889999999997"
"low_current_sweep_correction_curve.csv","29","3","8.171945571899414","3","2.589","0.411","18","0.015","","","64","16","11","0.5","2.684237"
"low_current_sweep_correction_curve.csv","30","3","9.137665748596191","3","3.021","-0.021","21","0.017","","","64","16","12","0.5","2.781375"
"low_current_sweep_correction_curve.csv","31","3","9.621320486068726","3","3.021","-0.021","21","0.017","","","64","16","13","0.5","2.781289"
"low_current_sweep_correction_curve.csv","32","3","10.105987548828125","3","3.021","-0.021","21","0.017","","","64","16","14","0.5","2.78144"
"low_current_sweep_correction_curve.csv","33","3","10.587563276290894","3","3.021","-0.021","21","0.017","","","64","16","15","0.5","2.781441"
"low_current_sweep_correction_curve.csv","34","3","11.555753231048584","3","3.021","-0.021","21","0.017","","","64","16","16","0.5","2.781446"
"low_current_sweep_correction_curve.csv","35","3","12.038206577301025","3","3.021","-0.021","21","0.017","","","64","16","17","0.5","2.7815090000000002"
"low_current_sweep_correction_curve.csv","36","5","0.7257864475250244","5","5.041","-0.041","34","0.029","","","64","16","0","0.9","5.079604"
"low_current_sweep_correction_curve.csv","37","5","1.208376169204712","5","5.041","-0.041","34","0.029","","","64","16","1","0.9","5.079695"
"low_current_sweep_correction_curve.csv","38","5","2.174997091293335","5","5.041","-0.041","34","0.029","","","64","16","2","0.9","5.079979"
"low_current_sweep_correction_curve.csv","39","5","2.658233404159546","5","5.041","-0.041","34","0.029","","","64","16","3","0.9","5.080096"
"low_current_sweep_correction_curve.csv","40","5","3.1439406871795654","5","5.041","-0.041","34","0.029","","","64","16","4","0.9","5.080087"
"low_current_sweep_correction_curve.csv","41","5","3.62473201751709","5","5.041","-0.041","34","0.029","","","64","16","6","0.9","5.0801739999999995"
"low_current_sweep_correction_curve.csv","42","5","4.5938310623168945","5","5.041","-0.041","34","0.029","","","64","16","7","0.9","5.080276"
"low_current_sweep_correction_curve.csv","43","5","5.07445216178894","5","5.041","-0.041","34","0.029","","","64","16","8","0.9","5.0802879999999995"
"low_current_sweep_correction_curve.csv","44","5","5.557795763015747","5","5.041","-0.041","34","0.029","","","64","16","8","0.8","4.4878849999999995"
"low_current_sweep_correction_curve.csv","45","5","6.043756723403931","5","4.597","0.403","31","0.026","","","64","16","9","0.9","4.796538"
"low_current_sweep_correction_curve.csv","46","5","7.007669687271118","5","5.041","-0.041","34","0.029","","","64","16","10","0.9","5.08031"
"low_current_sweep_correction_curve.csv","47","5","7.493552207946777","5","5.041","-0.041","34","0.029","","","64","16","11","0.9","5.080347"
"low_current_sweep_correction_curve.csv","48","5","7.974096298217773","5","5.041","-0.041","34","0.029","","","64","16","12","0.9","5.080371"
"low_current_sweep_correction_curve.csv","49","5","8.943711042404175","5","5.041","-0.041","34","0.029","","","64","16","13","0.9","5.080454"
"low_current_sweep_correction_curve.csv","50","5","9.429453134536743","5","5.041","-0.041","34","0.029","","","64","16","14","0.9","5.080496999999999"
"low_current_sweep_correction_curve.csv","51","5","9.908262252807617","5","5.041","-0.041","34","0.029","","","64","16","15","0.9","5.080477"
"low_current_sweep_correction_curve.csv","52","5","10.393591403961182","5","5.041","-0.041","34","0.029","","","64","16","17","0.9","5.08062"
"low_current_sweep_correction_curve.csv","53","5","11.357305526733398","5","5.041","-0.041","34","0.029","","","64","16","18","0.9","5.0805620000000005"
"low_current_sweep_correction_curve.csv","54","5","11.843484878540039","5","5.041","-0.041","34","0.029","","","64","16","18","0.9","5.080492"
"low_current_sweep_correction_curve.csv","55","5","12.329092025756836","5","5.041","-0.041","34","0.029","","","64","16","19","0.8","4.490488"
"low_current_sweep_correction_curve.csv","56","8","0.7286052703857422","8","8.541","-0.541","57","0.049","","","64","16","0","1.4","8.694352"
"low_current_sweep_correction_curve.csv","57","8","1.2118256092071533","8","8.541","-0.541","57","0.049","","","64","16","0","1.4","8.534521"
"low_current_sweep_correction_curve.csv","58","8","2.178478956222534","8","8.541","-0.541","57","0.049","","","64","16","0","1.4","8.10435"
"low_current_sweep_correction_curve.csv","59","8","2.6617014408111572","8","7.942","0.058","53","0.046","","","64","16","0","1.4","8.104640999999999"
"low_current_sweep_correction_curve.csv","60","8","3.144897699356079","8","7.942","0.058","53","0.046","","","64","16","0","1.4","8.104959000000001"
"low_current_sweep_correction_curve.csv","61","8","4.11176061630249","8","7.942","0.058","53","0.046","","","64","16","0","1.5","8.719083000000001"
"low_current_sweep_correction_curve.csv","62","8","4.594731092453003","8","8.541","-0.541","57","0.049","","","64","16","0","1.4","8.10494"
"low_current_sweep_correction_curve.csv","63","8","5.078048467636108","8","7.942","0.058","53","0.046","","","64","16","0","1.4","8.105366"
"low_current_sweep_correction_curve.csv","64","8","5.5612664222717285","8","7.942","0.058","53","0.046","","","64","16","0","1.4","8.207806999999999"
"low_current_sweep_correction_curve.csv","65","8","6.5281822681427","8","8.541","-0.541","57","0.049","","","64","16","0","1.4","8.105317000000001"
"low_current_sweep_correction_curve.csv","66","8","7.011151313781738","8","7.942","0.058","53","0.046","","","64","16","0","1.4","8.105383000000002"
"low_current_sweep_correction_curve.csv","67","8","7.494461536407471","8","7.942","0.058","53","0.046","","","64","16","0","1.4","8.412697"
"low_current_sweep_correction_curve.csv","68","8","7.978327751159668","8","8.541","-0.541","57","0.049","","","64","16","0","1.4","8.408268999999999"
"low_current_sweep_correction_curve.csv","69","8","8.944220066070557","8","7.942","0.058","53","0.046","","","64","16","0","1.4","8.719945"
"low_current_sweep_correction_curve.csv","70","8","9.427482604980469","8","8.541","-0.541","57","0.049","","","64","16","0","1.4","8.105159"
"low_current_sweep_correction_curve.csv","71","8","9.910703420639038","8","7.942","0.058","53","0.046","","","64","16","0","1.4","8.105589"
"low_current_sweep_correction_curve.csv","72","8","10.878135919570923","8","7.942","0.058","53","0.046","","","64","16","0","1.4","8.720053"
"low_current_sweep_correction_curve.csv","73","8","11.360916137695312","8","7.792","0.208","52","0.045","","","64","16","0","1.5","8.105338"
"low_current_sweep_correction_curve.csv","74","8","11.843981266021729","8","7.792","0.208","52","0.045","","","64","16","0","1.4","8.105658"
"low_current_sweep_correction_curve.csv","75","8","12.327048778533936","8","7.942","0.058","53","0.046","","","64","16","0","1.4","8.206797"
"low_current_sweep_correction_curve.csv","76","10","0.7259202003479004","10","10.883","-0.883","69","0.06","","","64","16","0","1.7","10.51483"
"low_current_sweep_correction_curve.csv","77","10","1.6925780773162842","10","10.883","-0.883","69","0.06","","","64","16","0","1.7","10.55895"
"low_current_sweep_correction_curve.csv","78","10","2.1757190227508545","10","9.779","0.221","62","0.053","","","64","16","0","1.8","9.964235"
"low_current_sweep_correction_curve.csv","79","10","2.6590003967285156","10","9.306","0.694","59","0.051","","","64","16","0","1.8","10.1464"
"low_current_sweep_correction_curve.csv","80","10","3.1427364349365234","10","9.306","0.694","59","0.051","","","64","16","0","1.8","10.13004"
"low_current_sweep_correction_curve.csv","81","10","4.111905574798584","10","10.252","-0.252","65","0.057","","","64","16","0","1.7","10.55973"
"low_current_sweep_correction_curve.csv","82","10","4.59343695640564","10","9.779","0.221","62","0.053","","","64","16","0","1.8","10.04565"
"low_current_sweep_correction_curve.csv","83","10","5.075822591781616","10","9.306","0.694","59","0.051","","","64","16","0","1.8","10.12749"
"low_current_sweep_correction_curve.csv","84","10","6.042610168457031","10","10.252","-0.252","65","0.057","","","64","16","0","1.7","9.943624"
"low_current_sweep_correction_curve.csv","85","10","6.525470733642578","10","9.306","0.694","59","0.051","","","64","16","0","1.8","9.943514"
"low_current_sweep_correction_curve.csv","86","10","7.009703636169434","10","9.306","0.694","59","0.051","","","64","16","0","1.8","10.114889999999999"
"low_current_sweep_correction_curve.csv","87","10","7.4925150871276855","10","9.306","0.694","59","0.051","","","64","16","0","1.8","10.137749999999999"
"low_current_sweep_correction_curve.csv","88","10","8.462242603302002","10","9.306","0.694","59","0.051","","","64","16","0","1.7","9.943841"
"low_current_sweep_correction_curve.csv","89","10","8.942713737487793","10","10.252","-0.252","65","0.057","","","64","16","0","1.7","10.53084"
"low_current_sweep_correction_curve.csv","90","10","9.425073623657227","10","9.937","0.063","63","0.055","","","64","16","0","1.8","10.25174"
"low_current_sweep_correction_curve.csv","91","10","9.908097505569458","10","9.306","0.694","59","0.051","","","64","16","0","1.8","10.04952"
"low_current_sweep_correction_curve.csv","92","10","10.874569177627563","10","9.622","0.378","61","0.053","","","64","16","0","1.7","10.56068"
"low_current_sweep_correction_curve.csv","93","10","11.362200736999512","10","9.779","0.221","62","0.053","","","64","16","0","1.8","10.04643"
"low_current_sweep_correction_curve.csv","94","10","11.844645500183105","10","9.306","0.694","59","0.051","","","64","16","0","1.8","10.12779"
"low_current_sweep_correction_curve.csv","95","15","0.5023434162139893","15","15.773","-0.773","100","0.088","","","48","12","0","2.5","15.06414"
"low_current_sweep_correction_curve.csv","96","15","0.9842491149902344","15","15.457","-0.457","96","0.084","","","48","12","0","2.5","14.83161"
"low_current_sweep_correction_curve.csv","97","15","1.4722962379455566","15","14.313","0.687","88","0.077","","","48","12","0","2.6","15.13746"
"low_current_sweep_correction_curve.csv","98","15","2.434072494506836","15","15.408","-0.408","100","0.088","","","48","12","0","2.5","15.44269"
"low_current_sweep_correction_curve.csv","99","15","2.9173903465270996","15","14.577","0.423","92","0.081","","","48","12","0","2.6","15.44277"
"low_current_sweep_correction_curve.csv","100","15","3.4024510383605957","15","15.474","-0.474","100","0.088","","","48","12","0","2.5","15.44298"
"low_current_sweep_correction_curve.csv","101","15","3.889456272125244","15","14.594","0.406","92","0.081","","","48","12","0","2.6","15.44309"
"low_current_sweep_correction_curve.csv","102","15","4.3724446296691895","15","15.478","-0.478","100","0.088","","","48","12","0","2.5","15.27708"
"low_current_sweep_correction_curve.csv","103","15","4.855910778045654","15","14.634","0.366","92","0.081","","","48","12","0","2.6","15.4433"
"low_current_sweep_correction_curve.csv","104","15","5.340423583984375","15","15.488","-0.488","100","0.088","","","48","12","0","2.5","15.329590000000001"
"low_current_sweep_correction_curve.csv","105","15","6.306096792221069","15","14.597","0.403","92","0.081","","","48","12","0","2.6","15.393139999999999"
"low_current_sweep_correction_curve.csv","106","15","6.788924217224121","15","15.479","-0.479","100","0.088","","","48","12","0","2.5","15.4435"
"low_current_sweep_correction_curve.csv","107","15","7.272212743759155","15","14.595","0.405","92","0.081","","","48","12","0","2.6","15.44362"
"low_current_sweep_correction_curve.csv","108","15","7.755598783493042","15","15.478","-0.478","100","0.088","","","48","12","0","2.5","15.37172"
"low_current_sweep_correction_curve.csv","109","15","8.238792181015015","15","14.595","0.405","92","0.081","","","48","12","0","2.6","15.443729999999999"
"low_current_sweep_correction_curve.csv","110","15","8.722122192382812","15","15.478","-0.478","100","0.088","","","48","12","0","2.6","15.443760000000001"
"low_current_sweep_correction_curve.csv","111","15","9.205316543579102","15","14.752","0.248","92","0.081","","","48","12","0","2.6","15.44367"
"low_current_sweep_correction_curve.csv","112","15","10.172165632247925","15","15.517","-0.517","100","0.088","","","48","12","0","2.5","15.443729999999999"
"low_current_sweep_correction_curve.csv","113","15","10.655123710632324","15","14.604","0.396","92","0.081","","","48","12","0","2.6","15.443719999999999"
"low_current_sweep_correction_curve.csv","114","15","11.138774156570435","15","15.48","-0.48","100","0.088","","","48","12","0","2.5","15.44382"
"low_current_sweep_correction_curve.csv","115","15","11.622531652450562","15","14.595","0.405","92","0.081","","","48","12","0","2.6","15.44394"
"low_current_sweep_correction_curve.csv","116","15","12.104990243911743","15","15.478","-0.478","100","0.088","","","48","12","0","2.5","15.32578"
"low_current_sweep_correction_curve.csv","117","20","0.7268092632293701","20","19.243","0.757","122","0.107","","","48","12","0","3.4","20.308449999999997"
"low_current_sweep_correction_curve.csv","118","20","1.210474967956543","20","20.663","-0.663","131","0.115","","","48","12","0","3.4","20.30861"
"low_current_sweep_correction_curve.csv","119","20","1.6949946880340576","20","19.834","0.166","122","0.107","","","48","12","0","3.4","20.308860000000003"
"low_current_sweep_correction_curve.csv","120","20","2.176661252975464","20","20.455","-0.455","131","0.115","","","48","12","0","3.3","20.14575"
"low_current_sweep_correction_curve.csv","121","20","2.66039776802063","20","19.151","0.849","122","0.107","","","48","12","0","3.4","20.30905"
"low_current_sweep_correction_curve.csv","122","20","3.6282498836517334","20","20.285","-0.285","131","0.115","","","48","12","0","3.4","20.309250000000002"
"low_current_sweep_correction_curve.csv","123","20","4.109739542007446","20","19.74","0.26","122","0.107","","","48","12","0","3.4","20.30918"
"low_current_sweep_correction_curve.csv","124","20","4.594727993011475","20","20.432","-0.432","131","0.115","","","48","12","0","3.4","20.30914"
"low_current_sweep_correction_curve.csv","125","20","5.0763115882873535","20","19.54","0.46","122","0.107","","","48","12","0","3.4","20.30921"
"low_current_sweep_correction_curve.csv","126","20","5.559923410415649","20","20.382","-0.382","131","0.115","","","48","12","0","3.4","20.30939"
"low_current_sweep_correction_curve.csv","127","20","6.04469633102417","20","19.764","0.236","122","0.107","","","48","12","0","3.4","20.30943"
"low_current_sweep_correction_curve.csv","128","20","6.527817726135254","20","20.438","-0.438","131","0.115","","","48","12","0","3.4","20.309540000000002"
"low_current_sweep_correction_curve.csv","129","20","7.49470591545105","20","19.541","0.459","122","0.107","","","48","12","0","3.4","20.30957"
"low_current_sweep_correction_curve.csv","130","20","7.977476119995117","20","20.382","-0.382","131","0.115","","","48","12","0","3.4","20.309440000000002"
"low_current_sweep_correction_curve.csv","131","20","8.462091207504272","20","19.527","0.473","122","0.107","","","48","12","0","3.4","20.30964"
"low_current_sweep_correction_curve.csv","132","20","8.944751024246216","20","20.379","-0.379","131","0.115","","","48","12","0","3.4","20.30948"
"low_current_sweep_correction_curve.csv","133","20","9.427680492401123","20","19.527","0.473","122","0.107","","","48","12","0","3.4","20.30963"
"low_current_sweep_correction_curve.csv","134","20","9.911426782608032","20","20.379","-0.379","131","0.115","","","48","12","0","3.4","20.3096"
"low_current_sweep_correction_curve.csv","135","20","10.394280910491943","20","19.527","0.473","122","0.107","","","48","12","0","3.4","20.30963"
"low_current_sweep_correction_curve.csv","136","20","11.361558437347412","20","20.379","-0.379","131","0.115","","","48","12","0","3.4","20.309810000000002"
"low_current_sweep_correction_curve.csv","137","20","11.844421625137329","20","19.527","0.473","122","0.107","","","48","12","0","3.4","20.30977"
"low_current_sweep_correction_curve.csv","138","20","12.32827091217041","20","20.379","-0.379","131","0.115","","","48","12","0","3.4","20.309730000000002"
"low_current_sweep_latest.csv","1","1","1.4812266826629639","1","4.891","-3.891","34","0.029","","","64","16","0","0.5","1.0753810000000001"
"low_current_sweep_latest.csv","2","1","1.9614450931549072","1","1.582","-0.582","11","0.008","","","64","16","1","0.2","1.0754"
"low_current_sweep_latest.csv","3","1","3.047194719314575","1","1.582","-0.582","11","0.008","","","64","16","2","0.1","1.074832"
"low_current_sweep_latest.csv","4","1","4.290120840072632","1","0.0","1.0","0","0.0","","","64","16","3","0.3","1.68976"
"low_current_sweep_latest.csv","5","1","4.771420001983643","1","2.158","-1.158","15","0.013","","","64","16","4","0.1","1.670521"
"low_current_sweep_latest.csv","6","1","5.251377105712891","1","1.582","-0.582","11","0.008","","","64","16","4","0.1","0.9794979"
"low_current_sweep_latest.csv","7","1","5.73150634765625","1","0.0","1.0","0","0.0","","","64","16","5","0.3","1.074898"
"low_current_sweep_latest.csv","8","1","6.221663475036621","1","2.158","-1.158","15","0.013","","","64","16","6","0.1","1.177343"
"low_current_sweep_latest.csv","9","1","7.3816447257995605","1","0.0","1.0","0","0.0","","","64","16","7","0.3","1.074915"
"low_current_sweep_latest.csv","10","1","7.861552715301514","1","2.158","-1.158","15","0.013","","","64","16","8","0.1","1.268378"
"low_current_sweep_latest.csv","11","1","9.181397199630737","1","1.582","-0.582","11","0.008","","","64","16","8","0.1","1.0748909999999998"
"low_current_sweep_latest.csv","12","1","9.661585330963135","1","0.0","1.0","0","0.0","","","64","16","9","0.3","1.278378"
"low_current_sweep_latest.csv","13","1","10.152391195297241","1","2.158","-1.158","15","0.013","","","64","16","10","0.1","1.068543"
"low_current_sweep_latest.csv","14","1","11.07154893875122","1","1.582","-0.582","11","0.008","","","64","16","10","0.1","1.07489"
"low_current_sweep_latest.csv","15","1","11.551309823989868","1","0.0","1.0","0","0.0","","","64","16","11","0.3","0.746727"
"low_current_sweep_latest.csv","16","1","12.871347904205322","1","2.158","-1.158","15","0.013","","","64","16","12","0.1","1.07488"
"low_current_sweep_latest.csv","17","1","14.111690521240234","1","0.0","1.0","0","0.0","","","64","16","13","0.3","1.0749469999999999"
"low_current_sweep_latest.csv","18","1","14.599650144577026","1","2.158","-1.158","15","0.013","","","64","16","14","0.1","1.279482"
"low_current_sweep_latest.csv","19","1","15.083932876586914","1","1.582","-0.582","11","0.008","","","64","16","14","0.1","1.053652"
"low_current_sweep_latest.csv","20","1","15.566619873046875","1","0.0","1.0","0","0.0","","","64","16","15","0.3","1.074925"
"low_current_sweep_latest.csv","21","1","17.07348656654358","1","2.158","-1.158","15","0.013","","","64","16","16","0.1","nan"
"low_current_sweep_latest.csv","22","1","18.56346035003662","1","1.582","-0.582","11","0.008","","","64","16","16","0.1","1.689888"
"low_current_sweep_latest.csv","23","1","19.046950817108154","1","0.0","1.0","0","0.0","","","64","16","17","0.3","1.178632"
"low_current_sweep_latest.csv","24","3","1.6218481063842773","1","2.445","-1.445","17","0.014","","","64","16","24","0.3","2.220072"
"low_current_sweep_latest.csv","25","3","2.7817606925964355","1","0.0","1.0","0","0.0","","","64","16","25","0.3","1.6897170000000001"
"low_current_sweep_latest.csv","26","3","3.267021894454956","1","2.445","-1.445","17","0.014","","","64","16","26","0.2","1.1820680000000001"
"low_current_sweep_latest.csv","27","3","3.750562906265259","1","0.0","1.0","0","0.0","","","64","16","27","0.2","1.7781019999999998"
"low_current_sweep_latest.csv","28","3","4.23392128944397","1","2.158","-1.158","15","0.013","","","64","16","28","0.1","1.0566740000000001"
"low_current_sweep_latest.csv","29","3","4.712838172912598","1","0.0","1.0","0","0.0","","","64","16","29","0.4","1.074895"
"low_current_sweep_latest.csv","30","3","5.715692758560181","1","2.445","-1.445","17","0.014","","","64","16","30","0.1","1.074818"
"low_current_sweep_latest.csv","31","3","6.9570581912994385","1","1.582","-0.582","11","0.008","","","64","16","30","0.1","1.074866"
"low_current_sweep_latest.csv","32","3","7.439580202102661","1","0.0","1.0","0","0.0","","","64","16","31","0.3","1.27944"
"low_current_sweep_latest.csv","33","3","7.923058748245239","1","2.158","-1.158","15","0.013","","","64","16","32","0.1","1.061416"
"low_current_sweep_latest.csv","34","3","8.841633319854736","1","1.582","-0.582","11","0.008","","","64","16","32","0.1","1.689795"
"low_current_sweep_latest.csv","35","3","9.32264518737793","1","0.0","1.0","0","0.0","","","64","16","33","0.3","1.626627"
"low_current_sweep_latest.csv","36","3","10.645309686660767","1","2.158","-1.158","15","0.013","","","64","16","34","0.1","1.689769"
"low_current_sweep_latest.csv","37","3","11.884113073348999","1","1.582","-0.582","11","0.008","","","64","16","34","0.1","1.07485"
"low_current_sweep_latest.csv","38","3","13.127164363861084","1","0.0","1.0","0","0.0","","","64","16","35","0.3","1.689833"
"low_current_sweep_latest.csv","39","3","13.61189579963684","1","2.158","-1.158","15","0.013","","","64","16","36","0.1","1.674555"
"low_current_sweep_latest.csv","40","3","14.09256386756897","1","1.582","-0.582","11","0.008","","","64","16","36","0.1","1.0749240000000002"
"low_current_sweep_latest.csv","41","3","15.091907978057861","1","2.158","-1.158","15","0.013","","","64","16","36","0.1","1.689886"
"low_current_sweep_latest.csv","42","3","16.33413791656494","1","0.0","1.0","0","0.0","","","64","16","37","0.3","1.689888"
"low_current_sweep_latest.csv","43","3","17.57173180580139","1","2.158","-1.158","15","0.013","","","64","16","38","0.1","1.6899250000000001"
"low_current_sweep_latest.csv","44","3","18.056777238845825","1","1.582","-0.582","11","0.008","","","64","16","38","0.1","1.55755"
"low_current_sweep_latest.csv","45","5","1.813551425933838","1","0.0","1.0","0","0.0","","","64","16","46","0.3","1.039032"
"low_current_sweep_latest.csv","46","5","3.550727605819702","1","0.0","1.0","0","0.0","","","64","16","46","0.3","nan"
"low_current_sweep_latest.csv","47","5","4.651083469390869","1","2.158","-1.158","15","0.013","","","64","16","47","0.2","1.6898989999999998"
"low_current_sweep_latest.csv","48","5","5.893662929534912","1","0.0","1.0","0","0.0","","","64","16","48","0.2","1.689924"
"low_current_sweep_latest.csv","49","5","7.400842189788818","1","0.0","1.0","0","0.0","","","64","16","48","0.3","nan"
"low_current_sweep_latest.csv","50","5","8.910850763320923","1","2.158","-1.158","15","0.013","","","64","16","49","0.2","nan"
"low_current_sweep_latest.csv","51","5","10.05108642578125","1","0.0","1.0","0","0.0","","","64","16","50","0.2","1.0748419999999999"
"low_current_sweep_latest.csv","52","5","10.531804084777832","1","2.158","-1.158","15","0.013","","","64","16","51","0.2","0.7465761999999999"
"low_current_sweep_latest.csv","53","5","11.01616096496582","1","0.0","1.0","0","0.0","","","64","16","52","0.2","1.0749410000000001"
"low_current_sweep_latest.csv","54","5","12.521161794662476","1","2.158","-1.158","15","0.013","","","64","16","53","0.2","nan"
"low_current_sweep_latest.csv","55","5","13.85106873512268","1","0.0","1.0","0","0.0","","","64","16","54","0.2","1.6898989999999998"
"low_current_sweep_latest.csv","56","5","15.095638513565063","1","0.0","1.0","0","0.0","","","64","16","54","0.2","1.689921"
"low_current_sweep_latest.csv","57","5","16.332499742507935","1","2.158","-1.158","15","0.013","","","64","16","55","0.2","1.689946"
"low_current_sweep_latest.csv","58","5","17.41093158721924","1","0.0","1.0","0","0.0","","","64","16","56","0.2","1.075129"
"low_current_sweep_latest.csv","59","5","18.652303457260132","1","2.158","-1.158","15","0.013","","","64","16","57","0.1","1.074886"
"low_current_sweep_latest.csv","60","5","19.141015768051147","1","0.0","1.0","0","0.0","","","64","16","58","0.3","1.041028"
"low_current_sweep_latest.csv","61","5","20.058343648910522","1","2.158","-1.158","15","0.013","","","64","16","59","0.1","1.689854"
"low_current_sweep_latest.csv","62","8","0.8170633316040039","1","0.0","1.0","0","0.0","","","64","16","71","0.2","1.689924"
"low_current_sweep_latest.csv","63","8","2.0579094886779785","1","2.158","-1.158","15","0.013","","","64","16","72","0.2","1.689924"
"low_current_sweep_latest.csv","64","8","2.541227102279663","1","0.0","1.0","0","0.0","","","64","16","73","0.2","1.294828"
"low_current_sweep_latest.csv","65","8","3.0224554538726807","1","2.158","-1.158","15","0.013","","","64","16","74","0.1","1.5874380000000001"
"low_current_sweep_latest.csv","66","8","4.760178089141846","1","0.0","1.0","0","0.0","","","64","16","75","0.3","nan"
"low_current_sweep_latest.csv","67","8","6.339260101318359","1","2.158","-1.158","15","0.013","","","64","16","76","0.1","1.689941"
"low_current_sweep_latest.csv","68","8","6.82739782333374","1","1.582","-0.582","11","0.008","","","64","16","76","0.2","1.1880199999999999"
"low_current_sweep_latest.csv","69","8","7.309108257293701","1","0.0","1.0","0","0.0","","","64","16","77","0.2","1.746958"
"low_current_sweep_latest.csv","70","8","8.632872581481934","1","2.158","-1.158","15","0.013","","","64","16","78","0.2","1.074832"
"low_current_sweep_latest.csv","71","8","10.138965129852295","1","0.0","1.0","0","0.0","","","64","16","79","0.2","nan"
"low_current_sweep_latest.csv","72","8","11.63916540145874","1","2.158","-1.158","15","0.013","","","64","16","80","0.1","nan"
"low_current_sweep_latest.csv","73","8","13.149042844772339","1","0.0","1.0","0","0.0","","","64","16","81","0.4","nan"
"low_current_sweep_latest.csv","74","8","14.787539005279541","1","1.582","-0.582","11","0.008","","","64","16","81","0.1","1.074918"
"low_current_sweep_latest.csv","75","8","15.269207000732422","1","0.0","1.0","0","0.0","","","64","16","82","0.3","1.268805"
"low_current_sweep_latest.csv","76","8","15.751415967941284","1","2.158","-1.158","15","0.013","","","64","16","83","0.1","0.9974537"
"low_current_sweep_latest.csv","77","8","16.237494468688965","1","1.582","-0.582","11","0.008","","","64","16","83","0.2","1.074886"
"low_current_sweep_latest.csv","78","8","17.237404584884644","1","0.0","1.0","0","0.0","","","64","16","84","0.2","1.074908"
"low_current_sweep_latest.csv","79","8","18.477824687957764","1","0.0","1.0","0","0.0","","","64","16","84","0.3","1.689858"
"low_current_sweep_latest.csv","80","8","19.4460346698761","1","0.0","1.0","0","0.0","","","64","16","84","0.3","1.006086"
"low_current_sweep_latest.csv","81","8","19.924012660980225","1","0.0","1.0","0","0.0","","","64","16","84","0.2","1.074908"
"low_current_sweep_latest.csv","82","8","20.91914439201355","1","1.582","-0.582","11","0.008","","","64","16","84","0.1","1.07488"
"low_current_sweep_latest.csv","83","8","21.409090042114258","1","0.0","1.0","0","0.0","","","64","16","85","0.3","1.2793349999999999"
"low_current_sweep_latest.csv","84","10","1.7158007621765137","10","0.0","10.0","0","0.0","","","64","16","0","1.2","10.56523"
"low_current_sweep_latest.csv","85","10","2.1958138942718506","10","6.617","3.383","46","0.04","","","64","16","0","1.8","10.565949999999999"
"low_current_sweep_latest.csv","86","10","2.6881096363067627","10","10.001","-0.001","69","0.06","","","64","16","0","1.8","11.18091"
"low_current_sweep_latest.csv","87","10","3.165653944015503","10","10.65","-0.65","73","0.063","","","64","16","0","1.8","11.18069"
"low_current_sweep_latest.csv","88","10","3.651677370071411","10","10.65","-0.65","73","0.063","","","64","16","0","1.8","10.98183"
"low_current_sweep_latest.csv","89","10","4.135899543762207","10","10.65","-0.65","73","0.063","","","64","16","0","1.8","10.9771"
"low_current_sweep_latest.csv","90","10","5.095494985580444","10","10.65","-0.65","73","0.063","","","64","16","0","1.8","11.1822"
"low_current_sweep_latest.csv","91","10","5.585873365402222","10","9.525","0.475","66","0.058","","","64","16","0","2.0","10.73874"
"low_current_sweep_latest.csv","92","10","6.0656352043151855","10","10.001","-0.001","69","0.06","","","64","16","0","1.9","11.12838"
"low_current_sweep_latest.csv","93","10","6.550236701965332","10","9.525","0.475","66","0.058","","","64","16","0","1.9","11.18162"
"low_current_sweep_latest.csv","94","10","7.521342515945435","10","10.65","-0.65","73","0.063","","","64","16","0","1.8","11.181939999999999"
"low_current_sweep_latest.csv","95","10","8.004225730895996","10","9.525","0.475","66","0.058","","","64","16","0","1.9","11.18216"
"low_current_sweep_latest.csv","96","10","8.488224029541016","10","9.525","0.475","66","0.058","","","64","16","0","1.9","11.18224"
"low_current_sweep_latest.csv","97","10","9.44597601890564","10","10.65","-0.65","73","0.063","","","64","16","0","1.8","11.18238"
"low_current_sweep_latest.csv","98","10","9.9357750415802","10","10.65","-0.65","73","0.063","","","64","16","0","1.8","11.79305"
"low_current_sweep_latest.csv","99","10","10.415920972824097","10","11.295","-1.295","77","0.068","","","64","16","0","1.8","11.08126"
"low_current_sweep_latest.csv","100","10","10.895724058151245","10","10.65","-0.65","73","0.063","","","64","16","0","1.8","10.985240000000001"
"low_current_sweep_latest.csv","101","10","11.865817546844482","10","10.65","-0.65","73","0.063","","","64","16","0","1.9","11.181470000000001"
"low_current_sweep_latest.csv","102","10","12.3546462059021","10","9.525","0.475","66","0.058","","","64","16","0","1.9","11.181659999999999"
"low_current_sweep_latest.csv","103","10","12.83760690689087","10","9.525","0.475","66","0.058","","","64","16","0","1.9","11.18206"
"low_current_sweep_latest.csv","104","10","13.315829992294312","10","10.65","-0.65","73","0.063","","","64","16","0","1.8","10.97882"
"low_current_sweep_latest.csv","105","10","14.286563396453857","10","10.65","-0.65","73","0.063","","","64","16","0","1.8","11.18225"
"low_current_sweep_latest.csv","106","10","14.765573978424072","10","10.65","-0.65","73","0.063","","","64","16","0","1.8","11.53918"
"low_current_sweep_latest.csv","107","10","15.24559736251831","10","11.295","-1.295","77","0.068","","","64","16","0","1.8","11.38604"
"low_current_sweep_latest.csv","108","10","16.221261978149414","10","11.295","-1.295","77","0.068","","","64","16","0","1.8","11.18127"
"low_current_sweep_latest.csv","109","15","0.5420951843261719","10","10.65","-0.65","73","0.063","","","64","16","0","1.9","11.18158"
"low_current_sweep_latest.csv","110","15","1.0231115818023682","10","9.525","0.475","66","0.058","","","64","16","0","2.0","11.308810000000001"
"low_current_sweep_latest.csv","111","15","1.992401361465454","10","10.001","-0.001","69","0.06","","","64","16","0","1.9","11.18176"
"low_current_sweep_latest.csv","112","15","2.472522735595703","10","9.525","0.475","66","0.058","","","64","16","0","2.0","10.76306"
"low_current_sweep_latest.csv","113","15","2.961285352706909","10","8.918","1.082","62","0.053","","","64","16","0","2.0","10.955919999999999"
"low_current_sweep_latest.csv","114","15","3.929518222808838","10","10.001","-0.001","69","0.06","","","64","16","0","1.8","11.181510000000001"
"low_current_sweep_latest.csv","115","15","4.411346912384033","10","10.65","-0.65","73","0.063","","","64","16","0","1.8","11.182020000000001"
"low_current_sweep_latest.csv","116","15","4.892361402511597","10","10.65","-0.65","73","0.063","","","64","16","0","1.9","11.181949999999999"
"low_current_sweep_latest.csv","117","15","5.37759804725647","10","10.65","-0.65","73","0.063","","","64","16","0","1.8","11.08214"
"low_current_sweep_latest.csv","118","15","6.344274997711182","10","11.295","-1.295","77","0.068","","","64","16","0","1.8","11.18148"
"low_current_sweep_latest.csv","119","15","6.828205823898315","10","9.525","0.475","66","0.058","","","64","16","0","2.0","10.59212"
"low_current_sweep_latest.csv","120","15","7.30699348449707","10","9.063","0.937","63","0.055","","","64","16","0","2.0","10.974060000000001"
"low_current_sweep_latest.csv","121","15","7.794997215270996","10","9.063","0.937","63","0.055","","","64","16","0","1.9","10.74901"
"low_current_sweep_latest.csv","122","15","8.761150360107422","10","10.001","-0.001","69","0.06","","","64","16","0","1.8","11.79649"
"low_current_sweep_latest.csv","123","15","9.242290496826172","10","11.295","-1.295","77","0.068","","","64","16","0","1.8","11.07923"
"low_current_sweep_latest.csv","124","15","9.72262454032898","10","10.65","-0.65","73","0.063","","","64","16","0","1.8","11.15387"
"low_current_sweep_latest.csv","125","15","10.692564487457275","10","11.295","-1.295","77","0.068","","","64","16","0","1.8","11.18127"
"low_current_sweep_latest.csv","126","15","11.177757501602173","10","10.65","-0.65","73","0.063","","","64","16","0","1.8","11.181750000000001"
"low_current_sweep_latest.csv","127","15","11.652232885360718","10","10.65","-0.65","73","0.063","","","64","16","0","1.9","11.18157"
"low_current_sweep_latest.csv","128","15","12.144823789596558","10","9.525","0.475","66","0.058","","","64","16","0","2.0","11.27527"
"low_current_sweep_latest.csv","129","15","13.105696678161621","10","9.063","0.937","63","0.055","","","64","16","0","1.9","10.56495"
"low_current_sweep_latest.csv","130","15","13.591975927352905","10","10.001","-0.001","69","0.06","","","64","16","0","1.9","11.181999999999999"
"low_current_sweep_latest.csv","131","15","14.075908422470093","10","9.525","0.475","66","0.058","","","64","16","0","2.0","11.07598"
"low_current_sweep_latest.csv","132","15","14.562346458435059","10","10.001","-0.001","69","0.06","","","64","16","0","1.8","10.59059"
"low_current_sweep_latest.csv","133","15","15.522268533706665","10","9.68","0.32","67","0.058","","","64","16","0","1.9","11.181949999999999"
"low_current_sweep_latest.csv","134","15","16.002105236053467","10","9.525","0.475","66","0.058","","","64","16","0","1.9","11.1822"
"low_current_sweep_latest.csv","135","20","1.018505573272705","20","10.001","9.999","69","0.06","","","48","12","0","2.0","13.01944"
"low_current_sweep_latest.csv","136","20","1.5082988739013672","20","10.817","9.183","78","0.068","","","48","12","0","2.4","15.25484"
"low_current_sweep_latest.csv","137","20","1.9884607791900635","20","13.786","6.214","100","0.088","","","48","12","0","2.8","16.98848"
"low_current_sweep_latest.csv","138","20","2.473414897918701","20","15.045","4.955","103","0.091","","","48","12","0","3.0","17.79095"
"low_current_sweep_latest.csv","139","20","2.958183526992798","20","17.23","2.77","116","0.102","","","48","12","0","3.1","18.197789999999998"
"low_current_sweep_latest.csv","140","20","3.9226672649383545","20","17.149","2.851","111","0.097","","","48","12","0","3.2","19.110590000000002"
"low_current_sweep_latest.csv","141","20","4.408229112625122","20","18.751","1.249","123","0.108","","","48","12","0","3.2","19.11086"
"low_current_sweep_latest.csv","142","20","4.888163805007935","20","18.017","1.983","115","0.101","","","48","12","0","3.3","19.71941"
"low_current_sweep_latest.csv","143","20","5.377726316452026","20","19.646","0.354","128","0.113","","","48","12","0","3.3","19.71937"
"low_current_sweep_latest.csv","144","20","5.8584582805633545","20","18.689","1.311","118","0.104","","","48","12","0","3.3","19.719440000000002"
"low_current_sweep_latest.csv","145","20","6.344218492507935","20","19.814","0.186","128","0.113","","","48","12","0","3.3","19.96048"
"low_current_sweep_latest.csv","146","20","6.827196836471558","20","19.1","0.9","122","0.107","","","48","12","0","3.4","20.327789999999997"
"low_current_sweep_latest.csv","147","20","7.7942094802856445","20","20.272","-0.272","131","0.115","","","48","12","0","3.4","20.32755"
"low_current_sweep_latest.csv","148","20","8.277253150939941","20","19.399","0.601","122","0.107","","","48","12","0","3.4","20.32758"
"low_current_sweep_latest.csv","149","20","8.758325815200806","20","20.347","-0.347","131","0.115","","","48","12","0","3.4","20.327749999999998"
"low_current_sweep_latest.csv","150","20","9.238266706466675","20","19.417","0.583","122","0.107","","","48","12","0","3.4","20.327789999999997"
"low_current_sweep_latest.csv","151","20","9.722574472427368","20","20.351","-0.351","131","0.115","","","48","12","0","3.4","20.327810000000003"
"low_current_sweep_latest.csv","152","20","10.210261583328247","20","19.418","0.582","122","0.107","","","48","12","0","3.4","20.32795"
"low_current_sweep_latest.csv","153","20","10.694402933120728","20","20.351","-0.351","131","0.115","","","48","12","0","3.4","20.3279"
"low_current_sweep_latest.csv","154","20","11.660968542098999","20","19.418","0.582","122","0.107","","","48","12","0","3.4","20.32766"
"low_current_sweep_latest.csv","155","20","12.144063711166382","20","20.351","-0.351","131","0.115","","","48","12","0","3.4","20.327669999999998"
"low_current_sweep_latest.csv","156","20","12.619874954223633","20","19.418","0.582","122","0.107","","","48","12","0","3.4","20.327810000000003"
"low_current_sweep_latest.csv","157","20","13.108701944351196","20","20.351","-0.351","131","0.115","","","48","12","0","3.4","20.32766"
"low_current_sweep_latest.csv","158","20","13.591464519500732","20","19.418","0.582","122","0.107","","","48","12","0","3.4","20.327740000000002"
"low_current_sweep_latest.csv","159","20","14.07833456993103","20","20.351","-0.351","131","0.115","","","48","12","0","3.4","20.32769"
"low_current_sweep_latest.csv","160","20","14.558353662490845","20","19.418","0.582","122","0.107","","","48","12","0","3.5","20.46581"
"low_current_sweep_latest.csv","161","20","15.51829981803894","20","20.548","-0.548","131","0.115","","","48","12","0","3.4","20.327669999999998"
"low_current_sweep_latest.csv","162","20","16.00851011276245","20","19.468","0.532","122","0.107","","","48","12","0","3.4","20.327740000000002"
"low_current_sweep_start_duty.csv","1","1","1.7712111473083496","1","1.582","-0.582","11","0.008","","","64","16","0","0.1","-0.008199408"
"low_current_sweep_start_duty.csv","2","1","2.9317269325256348","1","0.0","1.0","0","0.0","","","64","16","1","0.3","-0.0011195259999999998"
"low_current_sweep_start_duty.csv","3","1","3.75136137008667","1","0.144","0.856","1","0.0","","","64","16","1","0.2","1.075388"
"low_current_sweep_start_duty.csv","4","1","4.233391523361206","1","0.0","1.0","0","0.0","","","64","16","1","0.3","0.7514432999999999"
"low_current_sweep_start_duty.csv","5","1","5.4727723598480225","1","0.0","1.0","0","0.0","","","64","16","1","0.3","1.690574"
"low_current_sweep_start_duty.csv","6","1","5.960818290710449","1","0.0","1.0","0","0.0","","","64","16","1","0.2","1.68597"
"low_current_sweep_start_duty.csv","7","1","6.440985679626465","1","1.582","-0.582","11","0.008","","","64","16","2","0.1","1.022064"
"low_current_sweep_start_duty.csv","8","1","6.927738666534424","1","1.582","-0.582","11","0.008","","","64","16","2","0.1","1.0753489999999999"
"low_current_sweep_start_duty.csv","9","1","7.927627801895142","1","2.158","-1.158","15","0.013","","","64","16","2","0.1","1.075274"
"low_current_sweep_start_duty.csv","10","1","9.1670241355896","1","0.0","1.0","0","0.0","","","-1","-1","-1","0.3","1.6906480000000002"
"low_current_sweep_start_duty.csv","11","1","9.649373292922974","1","2.158","-1.158","15","0.013","","","64","16","4","0.1","1.6873840000000002"
"low_current_sweep_start_duty.csv","12","1","10.133481502532959","1","1.582","-0.582","11","0.008","","","64","16","4","0.1","1.029643"
"low_current_sweep_start_duty.csv","13","1","10.616357803344727","1","0.0","1.0","0","0.0","","","64","16","5","0.3","1.075367"
"low_current_sweep_start_duty.csv","14","1","11.776884078979492","1","2.158","-1.158","15","0.013","","","64","16","6","0.1","1.690764"
"low_current_sweep_start_duty.csv","15","1","13.018581867218018","1","1.582","-0.582","11","0.008","","","64","16","6","0.1","1.690792"
"low_current_sweep_start_duty.csv","16","1","14.094756364822388","1","0.0","1.0","0","0.0","","","64","16","7","0.3","1.690672"
"low_current_sweep_start_duty.csv","17","3","0.5831615924835205","3","50.789","-47.789","322","0.284","","","64","16","0","0.0","2.755982"
"low_current_sweep_start_duty.csv","18","3","1.5498073101043701","3","3.021","-0.021","21","0.017","","","64","16","1","0.5","2.783871"
"low_current_sweep_start_duty.csv","19","3","2.0336618423461914","3","3.021","-0.021","21","0.017","","","64","16","2","0.5","2.783823"
"low_current_sweep_start_duty.csv","20","3","2.5168955326080322","3","3.021","-0.021","21","0.017","","","64","16","2","0.5","2.783877"
"low_current_sweep_start_duty.csv","21","3","3.4836132526397705","3","3.021","-0.021","21","0.017","","","64","16","3","0.5","2.783954"
"low_current_sweep_start_duty.csv","22","3","3.9663729667663574","3","3.021","-0.021","21","0.017","","","64","16","4","0.5","2.784093"
"low_current_sweep_start_duty.csv","23","3","4.4502058029174805","3","3.021","-0.021","21","0.017","","","64","16","5","0.5","2.784218"
"low_current_sweep_start_duty.csv","24","3","4.933192253112793","3","3.021","-0.021","21","0.017","","","64","16","6","0.5","2.7840130000000003"
"low_current_sweep_start_duty.csv","25","3","5.900561332702637","3","3.021","-0.021","21","0.017","","","64","16","7","0.5","2.784075"
"low_current_sweep_start_duty.csv","26","3","6.38404655456543","3","3.021","-0.021","21","0.017","","","64","16","8","0.5","2.784236"
"low_current_sweep_start_duty.csv","27","3","6.8671581745147705","3","3.021","-0.021","21","0.017","","","64","16","9","0.5","2.784078"
"low_current_sweep_start_duty.csv","28","3","7.3502678871154785","3","3.021","-0.021","21","0.017","","","64","16","10","0.5","2.784187"
"low_current_sweep_start_duty.csv","29","3","8.316933631896973","3","3.021","-0.021","21","0.017","","","64","16","11","0.5","2.784146"
"low_current_sweep_start_duty.csv","30","3","8.80031442642212","3","3.021","-0.021","21","0.017","","","64","16","12","0.5","2.7841519999999997"
"low_current_sweep_start_duty.csv","31","3","9.283334970474243","3","3.021","-0.021","21","0.017","","","64","16","13","0.5","2.784189"
"low_current_sweep_start_duty.csv","32","3","10.250084400177002","3","3.021","-0.021","21","0.017","","","64","16","14","0.5","2.23086"
"low_current_sweep_start_duty.csv","33","3","10.733947992324829","3","2.589","0.411","18","0.015","","","64","16","15","0.5","2.784236"
"low_current_sweep_start_duty.csv","34","3","11.217408180236816","3","3.021","-0.021","21","0.017","","","64","16","16","0.5","2.784189"
"low_current_sweep_start_duty.csv","35","3","11.699910163879395","3","3.021","-0.021","21","0.017","","","64","16","17","0.5","2.7841810000000002"
"low_current_sweep_start_duty.csv","36","3","12.666561365127563","3","3.021","-0.021","21","0.017","","","64","16","18","0.5","2.784086"
"low_current_sweep_start_duty.csv","37","5","0.7268445491790771","5","18.913","-13.913","121","0.106","","","64","16","0","0.0","5.082103"
"low_current_sweep_start_duty.csv","38","5","1.2096226215362549","5","4.891","0.109","34","0.029","","","64","16","1","0.9","5.082527"
"low_current_sweep_start_duty.csv","39","5","1.6955890655517578","5","4.891","0.109","34","0.029","","","64","16","2","0.9","5.0829200000000005"
"low_current_sweep_start_duty.csv","40","5","2.6596062183380127","5","4.891","0.109","34","0.029","","","64","16","3","1.0","5.082428"
"low_current_sweep_start_duty.csv","41","5","3.144719123840332","5","4.891","0.109","34","0.029","","","64","16","3","0.9","5.082559000000001"
"low_current_sweep_start_duty.csv","42","5","3.628053665161133","5","4.891","0.109","34","0.029","","","64","16","5","0.9","5.192368"
"low_current_sweep_start_duty.csv","43","5","4.593085289001465","5","5.467","-0.467","38","0.033","","","64","16","5","0.9","5.0826020000000005"
"low_current_sweep_start_duty.csv","44","5","5.075656890869141","5","4.891","0.109","34","0.029","","","64","16","6","0.9","5.082802"
"low_current_sweep_start_duty.csv","45","5","5.559019565582275","5","4.891","0.109","34","0.029","","","64","16","8","0.9","5.082782999999999"
"low_current_sweep_start_duty.csv","46","5","6.042131185531616","5","4.891","0.109","34","0.029","","","64","16","9","0.9","5.082914"
"low_current_sweep_start_duty.csv","47","5","7.011752605438232","5","4.891","0.109","34","0.029","","","64","16","9","0.9","5.083031"
"low_current_sweep_start_duty.csv","48","5","7.492158651351929","5","4.891","0.109","34","0.029","","","64","16","10","1.0","5.681118"
"low_current_sweep_start_duty.csv","49","5","7.978341817855835","5","4.891","0.109","34","0.029","","","64","16","12","1.0","5.397837"
"low_current_sweep_start_duty.csv","50","5","8.464439153671265","5","5.467","-0.467","38","0.033","","","64","16","13","0.9","5.081399"
"low_current_sweep_start_duty.csv","51","5","9.42509126663208","5","4.891","0.109","34","0.029","","","64","16","14","0.9","5.083552"
"low_current_sweep_start_duty.csv","52","5","9.911721467971802","5","4.891","0.109","34","0.029","","","64","16","14","0.9","5.083704"
"low_current_sweep_start_duty.csv","53","5","10.391640424728394","5","4.891","0.109","34","0.029","","","64","16","15","1.0","5.583203999999999"
"low_current_sweep_start_duty.csv","54","5","11.361886501312256","5","4.891","0.109","34","0.029","","","64","16","17","1.0","5.08351"
"low_current_sweep_start_duty.csv","55","5","11.841823816299438","5","4.891","0.109","34","0.029","","","64","16","17","0.9","5.083749999999999"
"low_current_sweep_start_duty.csv","56","5","12.32578182220459","5","4.891","0.109","34","0.029","","","64","16","19","1.0","5.273496"
"low_current_sweep_start_duty.csv","57","8","0.729163408279419","8","7.624","0.376","53","0.046","","","64","16","0","1.5","8.726956"
"low_current_sweep_start_duty.csv","58","8","1.2112030982971191","8","8.2","-0.2","57","0.049","","","64","16","0","1.5","8.727578"
"low_current_sweep_start_duty.csv","59","8","2.1780455112457275","8","8.2","-0.2","57","0.049","","","64","16","0","1.5","8.728003999999999"
"low_current_sweep_start_duty.csv","60","8","2.6611571311950684","8","8.2","-0.2","57","0.049","","","64","16","0","1.5","8.728016"
"low_current_sweep_start_duty.csv","61","8","3.1443731784820557","8","8.2","-0.2","57","0.049","","","64","16","0","1.5","9.026670000000001"
"low_current_sweep_start_duty.csv","62","8","3.6209754943847656","8","8.775","-0.775","61","0.053","","","64","16","0","1.5","9.034405000000001"
"low_current_sweep_start_duty.csv","63","8","4.591229438781738","8","7.624","0.376","53","0.046","","","64","16","0","1.6","8.727161"
"low_current_sweep_start_duty.csv","64","8","5.07094669342041","8","8.2","-0.2","57","0.049","","","64","16","0","1.5","8.72738"
"low_current_sweep_start_duty.csv","65","8","5.561244010925293","8","8.2","-0.2","57","0.049","","","64","16","0","1.5","8.727689"
"low_current_sweep_start_duty.csv","66","8","6.524752616882324","8","7.624","0.376","53","0.046","","","64","16","0","1.6","8.727463"
"low_current_sweep_start_duty.csv","67","8","7.01107120513916","8","8.2","-0.2","57","0.049","","","64","16","0","1.5","8.727767"
"low_current_sweep_start_duty.csv","68","8","7.491134405136108","8","8.2","-0.2","57","0.049","","","64","16","0","1.5","8.728065"
"low_current_sweep_start_duty.csv","69","8","7.978289604187012","8","7.624","0.376","53","0.046","","","64","16","0","1.6","8.914317"
"low_current_sweep_start_duty.csv","70","8","8.945117712020874","8","8.2","-0.2","57","0.049","","","64","16","0","1.5","8.728105999999999"
"low_current_sweep_start_duty.csv","71","8","9.428043365478516","8","8.2","-0.2","57","0.049","","","64","16","0","1.5","8.727936"
"low_current_sweep_start_duty.csv","72","8","9.910892248153687","8","8.2","-0.2","57","0.049","","","64","16","0","1.5","8.728247999999999"
"low_current_sweep_start_duty.csv","73","8","10.394801616668701","8","7.48","0.52","52","0.045","","","64","16","0","1.6","8.932582"
"low_current_sweep_start_duty.csv","74","8","11.3609299659729","8","8.2","-0.2","57","0.049","","","64","16","0","1.5","8.728065"
"low_current_sweep_start_duty.csv","75","8","11.841029644012451","8","7.624","0.376","53","0.046","","","64","16","0","1.6","8.831966999999999"
"low_current_sweep_start_duty.csv","76","8","12.327845335006714","8","8.2","-0.2","57","0.049","","","64","16","0","1.5","8.727894"
"low_current_sweep_start_duty.csv","77","10","0.7285633087158203","10","9.063","0.937","63","0.055","","","64","16","0","1.9","10.57117"
"low_current_sweep_start_duty.csv","78","10","1.6956567764282227","10","9.063","0.937","63","0.055","","","64","16","0","1.9","10.56933"
"low_current_sweep_start_duty.csv","79","10","2.179001569747925","10","10.001","-0.001","69","0.06","","","64","16","0","1.8","11.18539"
"low_current_sweep_start_duty.csv","80","10","2.661040782928467","10","10.65","-0.65","73","0.063","","","64","16","0","1.8","11.004669999999999"
"low_current_sweep_start_duty.csv","81","10","3.1411612033843994","10","10.65","-0.65","73","0.063","","","64","16","0","1.9","11.18544"
"low_current_sweep_start_duty.csv","82","10","4.1114585399627686","10","9.68","0.32","67","0.058","","","64","16","0","1.9","11.1854"
"low_current_sweep_start_duty.csv","83","10","4.595599412918091","10","10.65","-0.65","73","0.063","","","64","16","0","1.8","11.13124"
"low_current_sweep_start_duty.csv","84","10","5.077359437942505","10","10.65","-0.65","73","0.063","","","64","16","0","1.8","11.2982"
"low_current_sweep_start_duty.csv","85","10","5.561254262924194","10","11.295","-1.295","77","0.068","","","64","16","0","1.8","11.28823"
"low_current_sweep_start_duty.csv","86","10","6.527414321899414","10","10.65","-0.65","73","0.063","","","64","16","0","1.8","11.797979999999999"
"low_current_sweep_start_duty.csv","87","10","7.0121495723724365","10","11.295","-1.295","77","0.068","","","64","16","0","1.8","11.07974"
"low_current_sweep_start_duty.csv","88","10","7.4912919998168945","10","10.65","-0.65","73","0.063","","","64","16","0","1.8","10.98637"
"low_current_sweep_start_duty.csv","89","10","8.461294889450073","10","10.65","-0.65","73","0.063","","","64","16","0","1.9","11.18403"
"low_current_sweep_start_duty.csv","90","10","8.9451904296875","10","10.65","-0.65","73","0.063","","","64","16","0","1.8","11.79857"
"low_current_sweep_start_duty.csv","91","10","9.42635703086853","10","11.295","-1.295","77","0.068","","","64","16","0","1.8","11.09516"
"low_current_sweep_start_duty.csv","92","10","9.911373615264893","10","10.65","-0.65","73","0.063","","","64","16","0","1.8","11.096079999999999"
"low_current_sweep_start_duty.csv","93","10","10.876008987426758","10","11.295","-1.295","77","0.068","","","64","16","0","1.8","11.183459999999998"
"low_current_sweep_start_duty.csv","94","10","11.361479759216309","10","10.65","-0.65","73","0.063","","","64","16","0","1.8","11.65025"
"low_current_sweep_start_duty.csv","95","10","11.845005989074707","10","11.295","-1.295","77","0.068","","","64","16","0","1.8","11.063180000000001"
"low_current_sweep_start_duty.csv","96","15","0.4984722137451172","15","15.357","-0.357","101","0.089","","","48","12","0","2.6","15.45874"
"low_current_sweep_start_duty.csv","97","15","0.9857926368713379","15","15.265","-0.265","100","0.088","","","48","12","0","2.5","15.34491"
"low_current_sweep_start_duty.csv","98","15","1.4698591232299805","15","14.039","0.961","92","0.081","","","48","12","0","2.7","15.81126"
"low_current_sweep_start_duty.csv","99","15","2.4371094703674316","15","15.419","-0.419","104","0.091","","","48","12","0","2.6","16.06957"
"low_current_sweep_start_duty.csv","100","15","2.9188122749328613","15","14.55","0.45","96","0.084","","","48","12","0","2.7","16.06987"
"low_current_sweep_start_duty.csv","101","15","3.3987605571746826","15","15.589","-0.589","104","0.091","","","48","12","0","2.6","16.069779999999998"
"low_current_sweep_start_duty.csv","102","15","3.887221097946167","15","14.592","0.408","96","0.084","","","48","12","0","2.7","16.07003"
"low_current_sweep_start_duty.csv","103","15","4.3689000606536865","15","15.642","-0.642","105","0.092","","","48","12","0","2.6","15.957780000000001"
"low_current_sweep_start_duty.csv","104","15","4.852142333984375","15","14.606","0.394","96","0.084","","","48","12","0","2.7","16.07025"
"low_current_sweep_start_duty.csv","105","15","5.3372602462768555","15","15.56","-0.56","104","0.091","","","48","12","0","2.6","15.920360000000002"
"low_current_sweep_start_duty.csv","106","15","6.298680543899536","15","14.585","0.415","96","0.084","","","48","12","0","2.7","15.97154"
"low_current_sweep_start_duty.csv","107","15","6.785358905792236","15","15.555","-0.555","104","0.091","","","48","12","0","2.6","16.07051"
"low_current_sweep_start_duty.csv","108","15","7.268683671951294","15","14.584","0.416","96","0.084","","","48","12","0","2.7","15.459439999999999"
"low_current_sweep_start_duty.csv","109","15","7.751602411270142","15","15.245","-0.245","100","0.088","","","48","12","0","2.6","16.05819"
"low_current_sweep_start_duty.csv","110","15","8.23732304573059","15","14.506","0.494","96","0.084","","","48","12","0","2.7","16.07066"
"low_current_sweep_start_duty.csv","111","15","8.720694780349731","15","15.535","-0.535","104","0.091","","","48","12","0","2.6","15.92735"
"low_current_sweep_start_duty.csv","112","15","9.202725172042847","15","14.579","0.421","96","0.084","","","48","12","0","2.7","16.07074"
"low_current_sweep_start_duty.csv","113","15","10.170701026916504","15","15.554","-0.554","104","0.091","","","48","12","0","2.6","16.07076"
"low_current_sweep_start_duty.csv","114","15","10.648733854293823","15","14.584","0.416","96","0.084","","","48","12","0","2.7","16.07049"
"low_current_sweep_start_duty.csv","115","15","11.137729406356812","15","15.597","-0.597","104","0.091","","","48","12","0","2.6","16.07078"
"low_current_sweep_start_duty.csv","116","15","11.618622303009033","15","14.594","0.406","96","0.084","","","48","12","0","2.7","16.07075"
"low_current_sweep_start_duty.csv","117","15","12.098880529403687","15","15.557","-0.557","104","0.091","","","48","12","0","2.6","15.96891"
"low_current_sweep_start_duty.csv","118","20","0.7225949764251709","20","19.108","0.892","122","0.107","","","48","12","0","3.4","20.33045"
"low_current_sweep_start_duty.csv","119","20","1.2112739086151123","20","20.82","-0.82","132","0.116","","","48","12","0","3.3","20.26652"
"low_current_sweep_start_duty.csv","120","20","1.6927435398101807","20","19.308","0.692","122","0.107","","","48","12","0","3.4","20.33109"
"low_current_sweep_start_duty.csv","121","20","2.1782054901123047","20","20.442","-0.442","132","0.116","","","48","12","0","3.4","20.33101"
"low_current_sweep_start_duty.csv","122","20","2.652620553970337","20","19.574","0.426","123","0.108","","","48","12","0","3.4","20.33116"
"low_current_sweep_start_duty.csv","123","20","3.6288678646087646","20","20.508","-0.508","132","0.116","","","48","12","0","3.4","20.33127"
"low_current_sweep_start_duty.csv","124","20","4.111292123794556","20","19.546","0.454","123","0.108","","","48","12","0","3.4","20.33153"
"low_current_sweep_start_duty.csv","125","20","4.594911575317383","20","20.501","-0.501","132","0.116","","","48","12","0","3.4","20.33158"
"low_current_sweep_start_duty.csv","126","20","5.077436923980713","20","19.589","0.411","123","0.108","","","48","12","0","3.4","20.33169"
"low_current_sweep_start_duty.csv","127","20","5.560851097106934","20","20.512","-0.512","132","0.116","","","48","12","0","3.4","20.33174"
"low_current_sweep_start_duty.csv","128","20","6.045223951339722","20","19.459","0.541","122","0.107","","","48","12","0","3.4","20.33167"
"low_current_sweep_start_duty.csv","129","20","6.522290229797363","20","20.479","-0.479","132","0.116","","","48","12","0","3.4","20.331809999999997"
"low_current_sweep_start_duty.csv","130","20","7.494039058685303","20","19.45","0.55","122","0.107","","","48","12","0","3.4","20.331889999999998"
"low_current_sweep_start_duty.csv","131","20","7.97270393371582","20","20.477","-0.477","132","0.116","","","48","12","0","3.4","20.331979999999998"
"low_current_sweep_start_duty.csv","132","20","8.460285186767578","20","19.583","0.417","123","0.108","","","48","12","0","3.4","20.33202"
"low_current_sweep_start_duty.csv","133","20","8.945908784866333","20","20.51","-0.51","132","0.116","","","48","12","0","3.4","20.33203"
"low_current_sweep_start_duty.csv","134","20","9.428005456924438","20","19.502","0.498","122","0.107","","","48","12","0","3.4","20.33203"
"low_current_sweep_start_duty.csv","135","20","9.911113262176514","20","20.49","-0.49","132","0.116","","","48","12","0","3.4","20.33203"
"low_current_sweep_start_duty.csv","136","20","10.395149946212769","20","19.542","0.458","123","0.108","","","48","12","0","3.4","20.331970000000002"
"low_current_sweep_start_duty.csv","137","20","11.361413955688477","20","20.5","-0.5","132","0.116","","","48","12","0","3.4","20.33204"
"low_current_sweep_start_duty.csv","138","20","11.845342874526978","20","19.544","0.456","123","0.108","","","48","12","0","3.4","20.33213"
"low_current_sweep_start_duty.csv","139","20","12.322408199310303","20","20.501","-0.501","132","0.116","","","48","12","0","3.4","20.33199"
"low_current_test.csv","1","1","1.4646999835968018","1","0.0","1.0","0","0.0","0","0.0","64","16","0","0.1","5.5670879999999994e-05"
"low_current_test.csv","2","1","2.433173656463623","1","0.0","1.0","0","0.0","0","0.0","64","16","0","0.3","5.553443e-05"
"low_current_test.csv","3","1","2.9124596118927","1","0.0","1.0","0","0.0","0","0.0","64","16","0","0.4","5.553443e-05"
"low_current_test.csv","4","1","3.402721643447876","1","0.0","1.0","0","0.0","0","0.0","64","16","0","0.6","5.606506e-05"
"low_current_test.csv","5","1","3.886200189590454","1","0.0","1.0","0","0.0","0","0.0","64","16","0","0.7","5.697472e-05"
"low_current_test.csv","6","1","4.852304458618164","1","0.0","1.0","0","0.0","0","0.0","64","16","0","0.9","5.392736e-05"
"low_current_test.csv","7","1","5.332517623901367","1","0.0","1.0","0","0.0","0","0.0","64","16","0","1.1","5.557991e-05"
"low_current_test.csv","8","1","5.812082529067993","1","0.0","1.0","0","0.0","0","0.0","64","16","0","1.2","5.5625390000000004e-05"
"low_current_test.csv","9","1","6.782149314880371","1","0.0","1.0","0","0.0","0","0.0","64","16","0","1.4","5.497347e-05"
"low_current_test.csv","10","1","7.266190767288208","1","0.0","1.0","0","0.0","0","0.0","64","16","0","1.5","5.521605e-05"
"low_current_test.csv","11","1","7.752423048019409","1","0.0","1.0","0","0.0","0","0.0","64","16","0","1.7","5.41851e-05"
"low_current_test.csv","12","1","8.232292652130127","1","0.0","1.0","0","0.0","0","0.0","64","16","0","1.9","5.648957e-05"
"low_current_test.csv","13","1","9.202588319778442","1","0.0","1.0","0","0.0","0","0.0","64","16","0","2.0","5.50796e-05"
"low_current_test.csv","14","1","9.683522462844849","1","0.0","1.0","0","0.0","0","0.0","64","16","0","2.2","5.465509e-05"
"low_current_test.csv","15","1","10.162429094314575","1","0.0","1.0","0","0.0","0","0.0","64","16","0","2.3","5.510992e-05"
"low_current_test.csv","16","1","10.652330875396729","1","0.0","1.0","0","0.0","0","0.0","64","16","0","2.5","5.594377e-05"
"low_current_test.csv","17","1","11.614752769470215","1","0.0","1.0","0","0.0","0","0.0","64","16","0","2.7","5.495831e-05"
"low_current_test.csv","18","1","12.102218866348267","1","0.0","1.0","0","0.0","0","0.0","64","16","0","2.8","5.4867350000000006e-05"
"low_current_test.csv","19","3","0.4592704772949219","1","0.0","1.0","0","0.0","0","0.0","64","16","0","3.0","5.4776380000000005e-05"
"low_current_test.csv","20","3","1.4291496276855469","3","0.0","3.0","0","0.0","0","0.0","64","16","0","3.3","5.4837020000000005e-05"
"low_current_test.csv","21","3","1.9091901779174805","3","0.0","3.0","0","0.0","0","0.0","64","16","0","3.8","5.501896e-05"
"low_current_test.csv","22","3","2.3891727924346924","3","0.0","3.0","0","0.0","0","0.0","64","16","0","4.3","5.6504730000000003e-05"
"low_current_test.csv","23","3","3.361980676651001","3","0.0","3.0","0","0.0","0","0.0","64","16","0","4.8","5.529185e-05"
"low_current_test.csv","24","3","3.839606523513794","3","0.0","3.0","0","0.0","0","0.0","64","16","0","5.2","5.5170559999999994e-05"
"low_current_test.csv","25","3","4.330150365829468","3","0.0","3.0","0","0.0","0","0.0","64","16","0","5.7","5.585281e-05"
"low_current_test.csv","26","3","5.292453765869141","3","0.0","3.0","0","0.0","0","0.0","64","16","0","6.2","5.470057e-05"
"low_current_test.csv","27","3","5.778349876403809","3","0.0","3.0","0","0.0","0","0.0","64","16","0","6.7","5.530701e-05"
"low_current_test.csv","28","3","6.262169599533081","3","0.0","3.0","0","0.0","0","0.0","64","16","0","7.2","5.541314e-05"
"low_current_test.csv","29","3","6.745000600814819","3","0.0","3.0","0","0.0","0","0.0","64","16","0","7.6","5.5670879999999994e-05"
"low_current_test.csv","30","3","7.709468841552734","3","0.0","3.0","0","0.0","0","0.0","64","16","0","8.1","5.523121e-05"
"low_current_test.csv","31","3","8.189327001571655","3","0.0","3.0","0","0.0","0","0.0","64","16","0","8.6","5.498863e-05"
"low_current_test.csv","32","3","8.669126987457275","3","0.0","3.0","0","0.0","0","0.0","64","16","0","9.1","5.4837020000000005e-05"
"low_current_test.csv","33","3","9.15929913520813","3","0.0","3.0","0","0.0","0","0.0","64","16","0","9.6","5.530701e-05"
"low_current_test.csv","34","3","10.128468751907349","3","0.0","3.0","0","0.0","0","0.0","64","16","0","10.0","5.476122e-05"
"low_current_test.csv","35","3","10.609426736831665","3","0.0","3.0","0","0.0","0","0.0","64","16","0","10.5","5.463993e-05"
"low_current_test.csv","36","3","11.089426755905151","3","0.0","3.0","0","0.0","0","0.0","64","16","0","11.0","5.5564750000000004e-05"
"low_current_test.csv","37","3","12.060062646865845","3","0.0","3.0","0","0.0","0","0.0","64","16","0","11.5","5.5200889999999995e-05"
"low_current_test.csv","38","5","1.4294190406799316","5","0.0","5.0","0","0.0","0","0.0","64","16","0","12.7","5.504928e-05"
"low_current_test.csv","39","5","1.9070305824279785","5","0.0","5.0","0","0.0","0","0.0","64","16","0","13.5","5.539798e-05"
"low_current_test.csv","40","5","2.3870511054992676","5","0.0","5.0","0","0.0","0","0.0","64","16","0","14.3","5.595894e-05"
"low_current_test.csv","41","5","3.361966609954834","5","0.0","5.0","0","0.0","0","0.0","64","16","0","15.1","5.482186e-05"
"low_current_test.csv","42","5","3.8370790481567383","5","0.0","5.0","0","0.0","0","0.0","64","16","0","15.9","5.50796e-05"
"low_current_test.csv","43","5","4.327053785324097","5","0.0","5.0","0","0.0","0","0.0","64","16","0","16.7","5.676247e-05"
"low_current_test.csv","44","5","4.807143449783325","5","0.0","5.0","0","0.0","0","0.0","64","16","0","17.5","5.627732e-05"
"low_current_test.csv","45","5","5.777379751205444","5","0.0","5.0","0","0.0","0","0.0","64","16","0","18.3","5.5170559999999994e-05"
"low_current_test.csv","46","5","6.260900497436523","5","0.0","5.0","0","0.0","0","0.0","64","16","0","19.1","5.4943149999999996e-05"
"low_current_test.csv","47","5","6.7368810176849365","5","0.0","5.0","0","0.0","0","0.0","64","16","0","19.9","5.548895e-05"
"low_current_test.csv","48","5","7.707170486450195","5","0.0","5.0","0","0.0","0","0.0","64","16","0","20.7","5.4321549999999995e-05"
"low_current_test.csv","49","5","8.196966886520386","5","0.0","5.0","0","0.0","0","0.0","64","16","0","21.5","5.527669e-05"
"low_current_test.csv","50","5","8.677228212356567","5","0.0","5.0","0","0.0","0","0.0","64","16","0","22.3","5.382124e-05"
"low_current_test.csv","51","5","9.08425521850586","5","0.0","5.0","0","0.0","0","0.0","64","16","0","23.1","5.586797e-05"
"low_current_test.csv","52","5","10.047159910202026","5","0.0","5.0","0","0.0","0","0.0","64","16","0","23.9","5.4837020000000005e-05"
"low_current_test.csv","53","5","10.527117729187012","5","0.0","5.0","0","0.0","0","0.0","64","16","0","24.7","5.492799e-05"
"low_current_test.csv","54","5","11.006937265396118","5","0.0","5.0","0","0.0","0","0.0","64","16","0","25.5","5.568604e-05"
"low_current_test.csv","55","5","11.977274894714355","5","0.0","5.0","0","0.0","0","0.0","64","16","0","26.3","5.4685410000000004e-05"
"low_current_test.csv","56","8","1.4284558296203613","8","0.0","8.0","0","0.0","0","0.0","64","16","0","28.3","5.3988010000000006e-05"
"low_current_test.csv","57","8","1.9106974601745605","8","0.0","8.0","0","0.0","0","0.0","64","16","0","29.6","5.50796e-05"
"low_current_test.csv","58","8","2.396376132965088","8","0.0","8.0","0","0.0","0","0.0","64","16","0","30.9","5.539798e-05"
"low_current_test.csv","59","8","3.3624818325042725","8","0.0","8.0","0","0.0","0","0.0","64","16","0","32.2","5.4412519999999996e-05"
"low_current_test.csv","60","8","3.8451807498931885","8","0.0","8.0","0","0.0","0","0.0","64","16","0","33.5","5.444284e-05"
"low_current_test.csv","61","8","4.325319766998291","8","0.0","8.0","0","0.0","0","0.0","64","16","0","34.7","5.50796e-05"
"low_current_test.csv","62","8","4.8056840896606445","8","0.0","8.0","0","0.0","0","0.0","64","16","0","36.0","5.532217e-05"
"low_current_test.csv","63","8","5.775324106216431","8","0.0","8.0","0","0.0","0","0.0","64","16","0","37.3","5.4306390000000005e-05"
"low_current_test.csv","64","8","6.255425691604614","8","0.0","8.0","0","0.0","0","0.0","64","16","0","38.6","5.451864e-05"
"low_current_test.csv","65","8","6.745159149169922","8","0.0","8.0","0","0.0","0","0.0","64","16","0","39.9","5.5352499999999996e-05"
"low_current_test.csv","66","8","7.710237503051758","8","0.0","8.0","0","0.0","0","0.0","64","16","0","41.1","5.495831e-05"
"low_current_test.csv","67","8","8.195333003997803","8","0.0","8.0","0","0.0","0","0.0","64","16","0","42.4","5.442768e-05"
"low_current_test.csv","68","8","8.67540979385376","8","0.0","8.0","0","0.0","0","0.0","64","16","0","43.7","5.5655720000000005e-05"
"low_current_test.csv","69","8","9.155359506607056","8","0.0","8.0","0","0.0","0","0.0","64","16","0","45.0","5.63986e-05"
"low_current_test.csv","70","8","10.12540888786316","8","0.0","8.0","0","0.0","0","0.0","64","16","0","46.3","5.4685410000000004e-05"
"low_current_test.csv","71","8","10.612348318099976","8","0.0","8.0","0","0.0","1","0.0","64","16","0","47.5","5.448832e-05"
"low_current_test.csv","72","8","11.09522795677185","8","0.0","8.0","0","0.0","0","0.0","64","16","0","48.8","5.5094760000000004e-05"
"low_current_test.csv","73","8","11.575155019760132","8","0.0","8.0","0","0.0","0","0.0","64","16","0","50.1","5.568604e-05"
"low_current_test.csv","74","8","12.54496455192566","8","0.0","8.0","0","0.0","0","0.0","64","16","0","51.4","5.366963e-05"
"low_current_test.csv","75","10","0.45901060104370117","8","0.0","8.0","0","0.0","0","0.0","64","16","0","52.7","5.4063809999999996e-05"
"low_current_test.csv","76","10","1.4298975467681885","10","0.0","10.0","0","0.0","0","0.0","64","16","0","53.8","5.374543e-05"
"low_current_test.csv","77","10","1.9127261638641357","10","0.0","10.0","0","0.0","0","0.0","64","16","0","55.4","5.4367030000000005e-05"
"low_current_test.csv","78","10","2.392733097076416","10","0.0","10.0","0","0.0","0","0.0","64","16","0","57.0","5.506444e-05"
"low_current_test.csv","79","10","3.3612236976623535","10","0.0","10.0","0","0.0","0","0.0","64","16","0","58.6","5.409414e-05"
"low_current_test.csv","80","10","3.8392527103424072","10","0.0","10.0","0","0.0","0","0.0","64","16","0","60.2","5.489767e-05"
"low_current_test.csv","81","10","4.329393625259399","10","0.0","10.0","0","0.0","0","0.0","64","16","0","61.8","5.4124460000000004e-05"
"low_current_test.csv","82","10","4.8090362548828125","10","0.0","10.0","0","0.0","0","0.0","64","16","0","63.4","5.554959e-05"
"low_current_test.csv","83","10","5.779246091842651","10","0.0","10.0","0","0.0","0","0.0","64","16","0","65.0","5.345737e-05"
"low_current_test.csv","84","10","6.2625486850738525","10","0.0","10.0","0","0.0","0","0.0","64","16","0","66.6","5.386672e-05"
"low_current_test.csv","85","10","6.7453453540802","10","0.0","10.0","0","0.0","0","0.0","64","16","0","68.2","5.501896e-05"
"low_current_test.csv","86","10","7.219456672668457","10","0.0","10.0","0","0.0","0","0.0","64","16","0","69.8","5.5670879999999994e-05"
"low_current_test.csv","87","10","8.188986539840698","10","0.0","10.0","0","0.0","0","0.0","64","16","0","71.4","5.379092e-05"
"low_current_test.csv","88","10","8.669218301773071","10","0.0","10.0","0","0.0","0","0.0","64","16","0","73.0","5.3472539999999996e-05"
"low_current_test.csv","89","10","9.162441968917847","10","0.0","10.0","0","0.0","0","0.0","64","16","0","74.6","5.4124460000000004e-05"
"low_current_test.csv","90","10","10.128868579864502","10","0.0","10.0","0","0.0","0","0.0","64","16","0","76.2","5.327544e-05"
"low_current_test.csv","91","10","10.609200716018677","10","0.0","10.0","0","0.0","0","0.0","64","16","0","77.8","5.435187e-05"
"low_current_test.csv","92","10","11.089398860931396","10","0.0","10.0","0","0.0","0","0.0","64","16","0","79.4","5.504928e-05"
"low_current_test.csv","93","10","11.580092906951904","10","0.0","10.0","0","0.0","0","0.0","64","16","0","81.0","5.456413e-05"
"low_current_test.csv","94","10","12.539199113845825","10","0.0","10.0","0","0.0","0","0.0","64","16","0","82.6","5.413962e-05"
"low_current_test.csv","95","15","1.4231445789337158","15","0.0","15.0","0","0.0","0","0.0","48","12","0","86.6","5.3912199999999995e-05"
"low_current_test.csv","96","15","1.9061250686645508","15","0.0","15.0","0","0.0","0","0.0","48","12","0","89.0","5.409414e-05"
"low_current_test.csv","97","15","2.393145799636841","15","0.0","15.0","0","0.0","0","0.0","48","12","0","90.0","5.420026e-05"
"low_current_test.csv","98","15","2.873220443725586","15","0.0","15.0","0","0.0","0","0.0","48","12","0","90.0","5.335125e-05"
"low_current_test.csv","99","15","3.352917432785034","15","0.0","15.0","0","0.0","0","0.0","48","12","0","90.0","5.5094760000000004e-05"
"low_current_test.csv","100","15","4.32310152053833","15","0.0","15.0","0","0.0","0","0.0","48","12","0","90.0","5.38364e-05"
"low_current_test.csv","101","15","4.803083181381226","15","0.0","15.0","0","0.0","0","0.0","48","12","0","90.0","5.369995e-05"
"low_current_test.csv","102","15","5.293402194976807","15","0.0","15.0","0","0.0","0","0.0","48","12","0","90.0","5.4412519999999996e-05"
"low_current_test.csv","103","15","5.772926330566406","15","0.0","15.0","0","0.0","0","0.0","48","12","0","90.0","5.420026e-05"
"low_current_test.csv","104","15","6.253272294998169","15","0.0","15.0","0","0.0","0","0.0","48","12","0","90.0","5.429123e-05"
"low_current_test.csv","105","15","6.74293065071106","15","0.0","15.0","0","0.0","0","0.0","48","12","0","90.0","5.41093e-05"
"low_current_test.csv","106","15","7.227173089981079","15","0.0","15.0","0","0.0","0","0.0","48","12","0","90.0","5.521605e-05"
"low_current_test.csv","107","15","8.194991111755371","15","0.0","15.0","0","0.0","0","0.0","48","12","0","90.0","5.3593819999999996e-05"
"low_current_test.csv","108","15","8.67870020866394","15","0.0","15.0","0","0.0","0","0.0","48","12","0","90.0","5.395769e-05"
"low_current_test.csv","109","15","9.15332293510437","15","0.0","15.0","0","0.0","0","0.0","48","12","0","90.0","5.403349e-05"
"low_current_test.csv","110","15","9.643232822418213","15","0.0","15.0","0","0.0","0","0.0","48","12","0","90.0","5.4382189999999995e-05"
"low_current_test.csv","111","15","10.123187780380249","15","0.0","15.0","0","0.0","0","0.0","48","12","0","90.0","5.403349e-05"
"low_current_test.csv","112","15","10.603263139724731","15","0.0","15.0","0","0.0","0","0.0","48","12","0","90.0","5.3897040000000005e-05"
"low_current_test.csv","113","15","11.093070983886719","15","0.0","15.0","0","0.0","0","0.0","48","12","0","90.0","5.435187e-05"
"low_current_test.csv","114","15","11.573196172714233","15","0.0","15.0","0","0.0","0","0.0","48","12","0","90.0","5.529185e-05"
"low_current_test.csv","115","15","12.543129205703735","15","0.0","15.0","0","0.0","0","0.0","48","12","0","90.0","5.4367030000000005e-05"
"low_current_test.csv","116","20","0.9376842975616455","15","0.0","15.0","0","0.0","0","0.0","48","12","0","90.0","5.298738e-05"
"low_current_test.csv","117","20","1.9074697494506836","20","0.0","20.0","0","0.0","0","0.0","48","12","0","90.0","5.369995e-05"
"low_current_test.csv","118","20","2.3939201831817627","20","0.0","20.0","0","0.0","0","0.0","48","12","0","90.0","5.4063809999999996e-05"
"low_current_test.csv","119","20","2.8772218227386475","20","0.0","20.0","0","0.0","0","0.0","48","12","0","90.0","5.424575e-05"
"low_current_test.csv","120","20","3.357611656188965","20","0.0","20.0","0","0.0","1","0.0","48","12","0","90.0","5.4124460000000004e-05"
"low_current_test.csv","121","20","3.8377065658569336","20","0.0","20.0","0","0.0","0","0.0","48","12","0","90.0","5.315416e-05"
"low_current_test.csv","122","20","4.327820301055908","20","0.0","20.0","0","0.0","0","0.0","48","12","0","90.0","5.379092e-05"
"low_current_test.csv","123","20","4.80754542350769","20","0.0","20.0","0","0.0","0","0.0","48","12","0","90.0","5.369995e-05"
"low_current_test.csv","124","20","5.777924537658691","20","0.0","20.0","0","0.0","0","0.0","48","12","0","90.0","5.369995e-05"
"low_current_test.csv","125","20","6.257357120513916","20","0.0","20.0","0","0.0","0","0.0","48","12","0","90.0","5.38364e-05"
"low_current_test.csv","126","20","6.737523317337036","20","0.0","20.0","0","0.0","0","0.0","48","12","0","90.0","5.3593819999999996e-05"
"low_current_test.csv","127","20","7.227691650390625","20","0.0","20.0","0","0.0","0","0.0","48","12","0","90.0","5.351802e-05"
"low_current_test.csv","128","20","7.70733904838562","20","0.0","20.0","0","0.0","0","0.0","48","12","0","90.0","5.351802e-05"
"low_current_test.csv","129","20","8.187459230422974","20","0.0","20.0","0","0.0","0","0.0","48","12","0","90.0","5.363931e-05"
"low_current_test.csv","130","20","8.677474021911621","20","0.0","20.0","0","0.0","0","0.0","48","12","0","90.0","5.459445e-05"
"low_current_test.csv","131","20","9.15744161605835","20","0.0","20.0","0","0.0","0","0.0","48","12","0","90.0","5.3897040000000005e-05"
"low_current_test.csv","132","20","10.127517700195312","20","0.0","20.0","0","0.0","0","0.0","48","12","0","90.0","5.2714490000000004e-05"
"low_current_test.csv","133","20","10.61161208152771","20","0.0","20.0","0","0.0","0","0.0","48","12","0","90.0","5.379092e-05"
"low_current_test.csv","134","20","11.09535813331604","20","0.0","20.0","0","0.0","0","0.0","48","12","0","90.0","5.322996e-05"
"low_current_test.csv","135","20","11.579790353775024","20","0.0","20.0","0","0.0","0","0.0","48","12","0","90.0","5.369995e-05"
"low_current_test.csv","136","20","12.057551860809326","20","0.0","20.0","0","0.0","0","0.0","48","12","0","90.0","5.397285e-05"
"low_current_test_after_adaptive.csv","1","1","0.5806334018707275","5","4.891","0.109","34","0.029","","","64","16","85","1.0","5.683263"
"low_current_test_after_adaptive.csv","2","1","1.067368745803833","5","4.891","0.109","34","0.029","","","64","16","87","1.0","5.649483"
"low_current_test_after_adaptive.csv","3","1","2.0299322605133057","5","4.891","0.109","34","0.029","","","64","16","87","1.0","5.683347"
"low_current_test_after_adaptive.csv","4","1","2.518660068511963","5","5.467","-0.467","38","0.033","","","64","16","88","0.9","5.083052"
"low_current_test_after_adaptive.csv","5","1","2.9977049827575684","5","4.891","0.109","34","0.029","","","64","16","89","0.9","5.083003"
"low_current_test_after_adaptive.csv","6","1","3.9672601222991943","5","4.891","0.109","34","0.029","","","64","16","91","0.9","5.0832489999999995"
"low_current_test_after_adaptive.csv","7","1","4.451960802078247","5","4.891","0.109","34","0.029","","","64","16","91","0.9","5.083189"
"low_current_test_after_adaptive.csv","8","1","4.929712533950806","5","4.891","0.109","34","0.029","","","64","16","93","0.9","5.51937"
"low_current_test_after_adaptive.csv","9","1","5.4173901081085205","5","5.467","-0.467","38","0.033","","","64","16","93","0.9","5.192339"
"low_current_test_after_adaptive.csv","10","1","6.385079860687256","5","4.891","0.109","34","0.029","","","64","16","94","0.9","5.083206"
"low_current_test_after_adaptive.csv","11","1","6.868474960327148","5","4.891","0.109","34","0.029","","","64","16","96","0.9","5.083258"
"low_current_test_after_adaptive.csv","12","1","7.350166082382202","5","4.891","0.109","34","0.029","","","64","16","97","0.9","5.083255"
"low_current_test_after_adaptive.csv","13","1","7.834723711013794","5","4.891","0.109","34","0.029","","","64","16","97","0.9","5.083255"
"low_current_test_after_adaptive.csv","14","1","8.801531076431274","5","4.891","0.109","34","0.029","","","64","16","98","1.0","5.683226"
"low_current_test_after_adaptive.csv","15","1","9.28485369682312","5","5.467","-0.467","38","0.033","","","64","16","99","0.9","5.083043"
"low_current_test_after_adaptive.csv","16","1","9.768084287643433","5","4.891","0.109","34","0.029","","","64","16","100","0.9","5.082994"
"low_current_test_after_adaptive.csv","17","1","10.734448432922363","5","4.891","0.109","34","0.029","","","64","16","102","0.9","5.083146"
"low_current_test_after_adaptive.csv","18","1","11.21763277053833","5","4.891","0.109","34","0.029","","","64","16","102","0.9","5.083296"
"low_current_test_after_adaptive.csv","19","1","11.70088243484497","5","4.891","0.109","34","0.029","","","64","16","104","1.0","5.249280000000001"
"low_current_test_after_adaptive.csv","20","1","12.184943914413452","5","5.467","-0.467","38","0.033","","","64","16","105","0.9","5.083118"
"low_current_test_after_adaptive.csv","21","3","0.7445437908172607","5","4.891","0.109","34","0.029","","","64","16","105","0.9","5.0832120000000005"
"low_current_test_after_adaptive.csv","22","3","1.2282137870788574","5","4.891","0.109","34","0.029","","","64","16","105","0.9","5.08341"
"low_current_test_after_adaptive.csv","23","3","1.7111952304840088","5","4.891","0.109","34","0.029","","","64","16","107","0.9","5.083284000000001"
"low_current_test_after_adaptive.csv","24","3","2.1944777965545654","5","4.891","0.109","34","0.029","","","64","16","108","0.9","5.105169"
"low_current_test_after_adaptive.csv","25","3","3.161881923675537","5","4.891","0.109","34","0.029","","","64","16","109","1.0","5.083141"
"low_current_test_after_adaptive.csv","26","3","3.6441469192504883","5","4.891","0.109","34","0.029","","","64","16","109","0.9","5.083111000000001"
"low_current_test_after_adaptive.csv","27","3","4.12756085395813","5","4.891","0.109","34","0.029","","","64","16","111","1.0","5.264076"
"low_current_test_after_adaptive.csv","28","3","5.093953847885132","5","5.467","-0.467","38","0.033","","","64","16","112","0.9","5.083213"
"low_current_test_after_adaptive.csv","29","3","5.577675819396973","5","4.891","0.109","34","0.029","","","64","16","112","0.9","5.083278"
"low_current_test_after_adaptive.csv","30","3","6.061318397521973","5","4.891","0.109","34","0.029","","","64","16","114","0.9","5.083326"
"low_current_test_after_adaptive.csv","31","3","6.5454418659210205","5","4.891","0.109","34","0.029","","","64","16","114","0.9","5.083333"
"low_current_test_after_adaptive.csv","32","3","7.510401248931885","5","4.891","0.109","34","0.029","","","64","16","115","0.9","5.683443"
"low_current_test_after_adaptive.csv","33","3","7.994737386703491","5","4.891","0.109","34","0.029","","","64","16","117","1.0","5.112433"
"low_current_test_after_adaptive.csv","34","3","8.476903200149536","5","5.467","-0.467","38","0.033","","","64","16","118","0.9","5.083066"
"low_current_test_after_adaptive.csv","35","3","8.961164474487305","5","4.891","0.109","34","0.029","","","64","16","119","0.9","5.083221"
"low_current_test_after_adaptive.csv","36","3","9.928040266036987","5","4.891","0.109","34","0.029","","","64","16","119","0.9","5.083358"
"low_current_test_after_adaptive.csv","37","3","10.411414861679077","5","4.891","0.109","34","0.029","","","64","16","120","0.9","5.583254"
"low_current_test_after_adaptive.csv","38","3","10.89385724067688","5","5.467","-0.467","38","0.033","","","64","16","121","0.9","5.178204"
"low_current_test_after_adaptive.csv","39","3","11.861558198928833","5","4.891","0.109","34","0.029","","","64","16","122","0.9","5.08321"
"low_current_test_after_adaptive.csv","40","3","12.343557119369507","5","4.891","0.109","34","0.029","","","64","16","124","0.9","5.083240999999999"
"low_current_test_after_adaptive.csv","41","5","0.7452709674835205","5","4.891","0.109","34","0.029","","","64","16","125","0.9","5.083353"
"low_current_test_after_adaptive.csv","42","5","1.7117300033569336","5","4.891","0.109","34","0.029","","","64","16","125","0.9","5.083373000000001"
"low_current_test_after_adaptive.csv","43","5","2.195326328277588","5","4.891","0.109","34","0.029","","","64","16","127","0.9","5.0832999999999995"
"low_current_test_after_adaptive.csv","44","5","2.6785314083099365","5","4.891","0.109","34","0.029","","","64","16","128","1.0","5.274"
"low_current_test_after_adaptive.csv","45","5","3.1605331897735596","5","4.891","0.109","34","0.029","","","64","16","128","0.9","5.083126"
"low_current_test_after_adaptive.csv","46","5","4.128665208816528","5","4.891","0.109","34","0.029","","","64","16","129","0.9","5.683268"
"low_current_test_after_adaptive.csv","47","5","4.609898805618286","5","5.467","-0.467","38","0.033","","","64","16","130","0.9","5.083149000000001"
"low_current_test_after_adaptive.csv","48","5","5.093136548995972","5","4.891","0.109","34","0.029","","","64","16","131","0.9","5.083291999999999"
"low_current_test_after_adaptive.csv","49","5","6.060880422592163","5","4.891","0.109","34","0.029","","","64","16","133","0.9","5.083366"
"low_current_test_after_adaptive.csv","50","5","6.5434041023254395","5","4.891","0.109","34","0.029","","","64","16","134","0.9","5.083392"
"low_current_test_after_adaptive.csv","51","5","7.026239633560181","5","4.891","0.109","34","0.029","","","64","16","134","0.9","5.08322"
"low_current_test_after_adaptive.csv","52","5","7.510599136352539","5","4.891","0.109","34","0.029","","","64","16","135","1.0","5.524463"
"low_current_test_after_adaptive.csv","53","5","8.475945472717285","5","4.891","0.109","34","0.029","","","64","16","137","1.0","5.0830969999999995"
"low_current_test_after_adaptive.csv","54","5","8.961730480194092","5","4.891","0.109","34","0.029","","","64","16","137","0.9","5.635139"
"low_current_test_after_adaptive.csv","55","5","9.445120811462402","5","5.467","-0.467","38","0.033","","","64","16","138","0.9","5.099341"
"low_current_test_after_adaptive.csv","56","5","9.928237915039062","5","4.891","0.109","34","0.029","","","64","16","139","0.9","5.083163"
"low_current_test_after_adaptive.csv","57","5","10.894313335418701","5","4.891","0.109","34","0.029","","","64","16","141","0.9","5.083312"
"low_current_test_after_adaptive.csv","58","5","11.37560248374939","5","4.891","0.109","34","0.029","","","64","16","142","0.9","5.083519"
"low_current_test_after_adaptive.csv","59","5","11.86158561706543","5","4.891","0.109","34","0.029","","","64","16","143","0.9","5.083293"
"low_current_test_after_adaptive.csv","60","8","1.005131483078003","8","14.657","-6.657","97","0.085","","","64","16","144","0.3","4.166224"
"low_current_test_after_adaptive.csv","61","8","1.9687728881835938","8","2.302","5.698","16","0.013","","","64","16","145","1.4","7.500057"
"low_current_test_after_adaptive.csv","62","8","2.452199935913086","8","8.2","-0.2","57","0.049","","","64","16","145","1.2","8.113221000000001"
"low_current_test_after_adaptive.csv","63","8","2.934710741043091","8","7.48","0.52","52","0.045","","","64","16","145","1.4","8.113896"
"low_current_test_after_adaptive.csv","64","8","3.421799421310425","8","7.624","0.376","53","0.046","","","64","16","145","1.5","8.572296"
"low_current_test_after_adaptive.csv","65","8","4.388607978820801","8","8.2","-0.2","57","0.049","","","64","16","145","1.5","8.727759"
"low_current_test_after_adaptive.csv","66","8","4.868654727935791","8","7.48","0.52","52","0.045","","","64","16","145","1.6","8.775079"
"low_current_test_after_adaptive.csv","67","8","5.355149269104004","8","7.48","0.52","52","0.045","","","64","16","145","1.6","8.918027"
"low_current_test_after_adaptive.csv","68","8","5.836024761199951","8","8.2","-0.2","57","0.049","","","64","16","145","1.5","8.726654"
"low_current_test_after_adaptive.csv","69","8","6.803415298461914","8","8.2","-0.2","57","0.049","","","64","16","145","1.5","8.727152"
"low_current_test_after_adaptive.csv","70","8","7.287234306335449","8","8.2","-0.2","57","0.049","","","64","16","145","1.5","9.239916000000001"
"low_current_test_after_adaptive.csv","71","8","7.768550395965576","8","8.775","-0.775","61","0.053","","","64","16","145","1.5","8.828374"
"low_current_test_after_adaptive.csv","72","8","8.735144853591919","8","8.2","-0.2","57","0.049","","","64","16","145","1.5","9.342614000000001"
"low_current_test_after_adaptive.csv","73","8","9.221951484680176","8","8.775","-0.775","61","0.053","","","64","16","145","1.5","9.342466"
"low_current_test_after_adaptive.csv","74","8","9.705626010894775","8","7.912","0.088","55","0.048","","","64","16","145","1.5","8.726281"
"low_current_test_after_adaptive.csv","75","8","10.184338092803955","8","8.2","-0.2","57","0.049","","","64","16","145","1.5","8.820619"
"low_current_test_after_adaptive.csv","76","8","11.155874252319336","8","8.775","-0.775","61","0.053","","","64","16","145","1.5","8.726875999999999"
"low_current_test_after_adaptive.csv","77","8","11.63821530342102","8","8.2","-0.2","57","0.049","","","64","16","145","1.5","9.280691000000001"
"low_current_test_after_adaptive.csv","78","8","12.118816614151001","8","8.775","-0.775","61","0.053","","","64","16","145","1.5","9.15714"
"low_current_test_after_adaptive.csv","79","10","0.25553083419799805","8","8.775","-0.775","61","0.053","","","64","16","145","1.5","9.034594"
"low_current_test_after_adaptive.csv","80","10","1.2281551361083984","10","8.2","1.8","57","0.049","","","64","16","145","1.7","10.23644"
"low_current_test_after_adaptive.csv","81","10","1.7053601741790771","10","10.001","-0.001","69","0.06","","","64","16","145","1.8","10.57666"
"low_current_test_after_adaptive.csv","82","10","2.678314685821533","10","10.65","-0.65","73","0.063","","","64","16","145","1.8","11.184370000000001"
"low_current_test_after_adaptive.csv","83","10","3.1567630767822266","10","10.65","-0.65","73","0.063","","","64","16","145","1.8","11.081719999999999"
"low_current_test_after_adaptive.csv","84","10","3.6403048038482666","10","10.65","-0.65","73","0.063","","","64","16","145","1.8","11.1058"
"low_current_test_after_adaptive.csv","85","10","4.6115148067474365","10","11.295","-1.295","77","0.068","","","64","16","145","1.8","11.182640000000001"
"low_current_test_after_adaptive.csv","86","10","5.090015411376953","10","10.65","-0.65","73","0.063","","","64","16","145","1.8","11.79677"
"low_current_test_after_adaptive.csv","87","10","5.575341701507568","10","11.295","-1.295","77","0.068","","","64","16","145","1.8","11.42622"
"low_current_test_after_adaptive.csv","88","10","6.060973644256592","10","11.295","-1.295","77","0.068","","","64","16","145","1.8","11.14009"
"low_current_test_after_adaptive.csv","89","10","7.025402784347534","10","10.65","-0.65","73","0.063","","","64","16","145","1.8","11.79702"
"low_current_test_after_adaptive.csv","90","10","7.511397838592529","10","11.295","-1.295","77","0.068","","","64","16","145","1.8","11.11385"
"low_current_test_after_adaptive.csv","91","10","7.995198488235474","10","9.525","0.475","66","0.058","","","64","16","145","2.0","11.069249999999998"
"low_current_test_after_adaptive.csv","92","10","8.475370645523071","10","8.918","1.082","62","0.053","","","64","16","145","2.0","10.97437"
"low_current_test_after_adaptive.csv","93","10","9.445023775100708","10","8.918","1.082","62","0.053","","","64","16","145","2.0","10.56556"
"low_current_test_after_adaptive.csv","94","10","9.926499128341675","10","8.918","1.082","62","0.053","","","64","16","145","1.9","10.67102"
"low_current_test_after_adaptive.csv","95","10","10.411082744598389","10","10.001","-0.001","69","0.06","","","64","16","145","1.9","11.08008"
"low_current_test_after_adaptive.csv","96","10","11.378102779388428","10","10.65","-0.65","73","0.063","","","64","16","145","1.8","11.18298"
"low_current_test_after_adaptive.csv","97","10","11.861392736434937","10","10.65","-0.65","73","0.063","","","64","16","145","1.8","11.79733"
"low_current_test_after_adaptive.csv","98","10","12.339015245437622","10","11.295","-1.295","77","0.068","","","64","16","145","1.8","11.406970000000001"
"low_current_test_after_adaptive.csv","99","15","1.223132610321045","10","10.001","-0.001","69","0.06","","","64","16","145","1.8","11.18272"
"low_current_test_after_adaptive.csv","100","15","1.7093744277954102","10","10.65","-0.65","73","0.063","","","64","16","145","1.8","11.63119"
"low_current_test_after_adaptive.csv","101","15","2.193342685699463","10","11.295","-1.295","77","0.068","","","64","16","145","1.8","11.05931"
"low_current_test_after_adaptive.csv","102","15","2.679443120956421","10","10.65","-0.65","73","0.063","","","64","16","145","1.9","11.18243"
"low_current_test_after_adaptive.csv","103","15","3.6396515369415283","10","10.65","-0.65","73","0.063","","","64","16","145","1.8","11.79757"
"low_current_test_after_adaptive.csv","104","15","4.128254175186157","10","11.295","-1.295","77","0.068","","","64","16","145","1.8","11.064400000000001"
"low_current_test_after_adaptive.csv","105","15","4.609407901763916","10","10.65","-0.65","73","0.063","","","64","16","145","1.8","11.080039999999999"
"low_current_test_after_adaptive.csv","106","15","5.577441453933716","10","11.295","-1.295","77","0.068","","","64","16","145","1.8","11.1824"
"low_current_test_after_adaptive.csv","107","15","6.059491157531738","10","10.65","-0.65","73","0.063","","","64","16","145","1.9","11.18272"
"low_current_test_after_adaptive.csv","108","15","6.540043115615845","10","9.525","0.475","66","0.058","","","64","16","145","2.0","11.07374"
"low_current_test_after_adaptive.csv","109","15","7.023075819015503","10","10.001","-0.001","69","0.06","","","64","16","145","1.8","10.62709"
"low_current_test_after_adaptive.csv","110","15","7.792449951171875","10","10.65","-0.65","73","0.063","","","64","16","145","1.8","nan"
"low_current_test_after_adaptive.csv","111","15","9.713655471801758","10","11.295","-1.295","77","0.068","","","64","16","145","1.8","nan"
"low_current_test_after_adaptive.csv","112","15","10.411751508712769","10","10.65","-0.65","73","0.063","","","64","16","145","1.8","11.79782"
"low_current_test_after_adaptive.csv","113","15","10.889378309249878","10","11.295","-1.295","77","0.068","","","64","16","145","1.8","11.0646"
"low_current_test_after_adaptive.csv","114","15","11.369286060333252","10","10.65","-0.65","73","0.063","","","64","16","145","1.8","11.1828"
"low_current_test_after_adaptive.csv","115","15","11.859401941299438","10","11.295","-1.295","77","0.068","","","64","16","145","1.8","11.072759999999999"
"low_current_test_after_adaptive.csv","116","15","12.341352701187134","10","10.65","-0.65","73","0.063","","","64","16","145","1.9","11.79774"
"low_current_test_after_adaptive.csv","117","20","0.7455823421478271","10","10.169","-0.169","70","0.061","","","64","16","145","1.9","10.87395"
"low_current_test_after_adaptive.csv","118","20","1.228515625","10","8.918","1.082","62","0.053","","","64","16","145","2.0","10.9367"
"low_current_test_after_adaptive.csv","119","20","2.195003032684326","10","8.918","1.082","62","0.053","","","64","16","145","1.9","10.56609"
"low_current_test_after_adaptive.csv","120","20","2.6784636974334717","10","10.001","-0.001","69","0.06","","","64","16","145","1.9","11.18295"
"low_current_test_after_adaptive.csv","121","20","3.162184715270996","10","9.525","0.475","66","0.058","","","64","16","145","1.9","11.18303"
"low_current_test_after_adaptive.csv","122","20","4.129103183746338","10","9.525","0.475","66","0.058","","","64","16","145","1.9","10.566370000000001"
"low_current_test_after_adaptive.csv","123","20","4.6119585037231445","10","8.918","1.082","62","0.053","","","64","16","145","2.0","10.56611"
"low_current_test_after_adaptive.csv","124","20","5.09465479850769","10","9.063","0.937","63","0.055","","","64","16","145","1.9","11.1829"
"low_current_test_after_adaptive.csv","125","20","5.578242778778076","10","9.525","0.475","66","0.058","","","64","16","145","1.9","11.0801"
"low_current_test_after_adaptive.csv","126","20","6.545622110366821","10","9.063","0.937","63","0.055","","","64","16","145","2.0","10.56587"
"low_current_test_after_adaptive.csv","127","20","7.02749490737915","10","8.918","1.082","62","0.053","","","64","16","145","1.9","10.589049999999999"
"low_current_test_after_adaptive.csv","128","20","7.5122389793396","10","10.001","-0.001","69","0.06","","","64","16","145","1.9","11.18094"
"low_current_test_after_adaptive.csv","129","20","7.994733095169067","10","9.525","0.475","66","0.058","","","64","16","145","1.9","11.18309"
"low_current_test_after_adaptive.csv","130","20","8.961914539337158","10","9.68","0.32","67","0.058","","","64","16","145","1.9","10.5664"
"low_current_test_after_adaptive.csv","131","20","9.443328380584717","10","8.918","1.082","62","0.053","","","64","16","145","2.0","10.77086"
"low_current_test_after_adaptive.csv","132","20","9.928296089172363","10","9.063","0.937","63","0.055","","","64","16","145","1.9","10.75199"
"low_current_test_after_adaptive.csv","133","20","10.893503427505493","10","9.063","0.937","63","0.055","","","64","16","145","2.0","10.56609"
"low_current_test_after_adaptive.csv","134","20","11.373273849487305","10","10.001","-0.001","69","0.06","","","64","16","145","1.8","11.18313"
"low_current_test_after_adaptive.csv","135","20","11.853232383728027","10","10.65","-0.65","73","0.063","","","64","16","145","1.8","11.39372"
"low_current_test_after_adaptive.csv","136","20","12.34346318244934","10","11.295","-1.295","77","0.068","","","64","16","145","1.8","11.1079"
