actual_current_dm3058_ma,output_duty_pct,adc1_raw,adc1_voltage_v,adc2_raw,adc2_voltage_v,set_current_ma,stm32_reported_current_ma,source_file,source_row,time_s,sample_count,dropped_each_side
0.997454,0.1,15,0.013,,,1,2.158,low_current_sweep_latest.csv,76,15.7514,64,16
1.00609,0.3,0,0,,,1,0,low_current_sweep_latest.csv,80,19.446,64,16
1.04103,0.3,0,0,,,1,0,low_current_sweep_latest.csv,60,19.141,64,16
1.05365,0.1,11,0.008,,,1,1.582,low_current_sweep_latest.csv,19,15.0839,64,16
1.06142,0.1,15,0.013,,,1,2.158,low_current_sweep_latest.csv,33,7.92306,64,16
1.06854,0.1,15,0.013,,,1,2.158,low_current_sweep_latest.csv,13,10.1524,64,16
1.07028,0.2,0,0,,,1,0,low_current_sweep_correction_curve.csv,7,7.74737,64,16
1.07428,0.3,0,0,,,1,0,low_current_sweep_correction_curve.csv,15,17.866,64,16
1.07432,0.1,15,0.013,,,1,2.366,low_current_sweep_correction_curve.csv,8,8.65928,64,16
1.07483,0.2,15,0.013,,,1,2.158,low_current_sweep_latest.csv,70,8.63287,64,16
1.07484,0.2,0,0,,,1,0,low_current_sweep_latest.csv,51,10.0511,64,16
1.07485,0.1,11,0.008,,,1,1.582,low_current_sweep_latest.csv,37,11.8841,64,16
1.07487,0.1,11,0.008,,,1,1.582,low_current_sweep_latest.csv,31,6.95706,64,16
1.07488,0.1,15,0.013,,,1,2.158,low_current_sweep_latest.csv,16,12.8713,64,16
1.07488,0.1,11,0.008,,,1,1.582,low_current_sweep_latest.csv,82,20.9191,64,16
1.07489,0.1,11,0.008,,,1,1.582,low_current_sweep_latest.csv,11,9.1814,64,16
1.07489,0.1,11,0.008,,,1,1.582,low_current_sweep_latest.csv,14,11.0715,64,16
1.07489,0.1,15,0.013,,,1,2.158,low_current_sweep_latest.csv,59,18.6523,64,16
1.07489,0.2,11,0.008,,,1,1.582,low_current_sweep_latest.csv,77,16.2375,64,16
1.07491,0.2,0,0,,,1,0,low_current_sweep_latest.csv,78,17.2374,64,16
1.07491,0.2,0,0,,,1,0,low_current_sweep_latest.csv,81,19.924,64,16
1.07492,0.1,11,0.008,,,1,1.582,low_current_sweep_latest.csv,40,14.0926,64,16
1.07492,0.1,11,0.008,,,1,1.582,low_current_sweep_latest.csv,74,14.7875,64,16
1.07492,0.3,0,0,,,1,0,low_current_sweep_latest.csv,9,7.38164,64,16
1.07492,0.3,0,0,,,1,0,low_current_sweep_latest.csv,20,15.5666,64,16
1.07494,0.2,0,0,,,1,0,low_current_sweep_latest.csv,53,11.0162,64,16
1.07495,0.3,0,0,,,1,0,low_current_sweep_latest.csv,17,14.1117,64,16
1.07513,0.2,0,0,,,1,0,low_current_sweep_latest.csv,58,17.4109,64,16
1.16512,0.1,15,0.013,,,1,2.366,low_current_sweep_correction_curve.csv,9,9.14741,64,16
1.17679,0.2,17,0.014,,,1,2.681,low_current_sweep_correction_curve.csv,16,18.3495,64,16
1.17734,0.1,15,0.013,,,1,2.158,low_current_sweep_latest.csv,8,6.22166,64,16
1.17863,0.3,0,0,,,1,0,low_current_sweep_latest.csv,23,19.047,64,16
1.18802,0.2,11,0.008,,,1,1.582,low_current_sweep_latest.csv,68,6.8274,64,16
1.26838,0.1,15,0.013,,,1,2.158,low_current_sweep_latest.csv,10,7.86155,64,16
1.2688,0.3,0,0,,,1,0,low_current_sweep_latest.csv,75,15.2692,64,16
1.27838,0.3,0,0,,,1,0,low_current_sweep_latest.csv,12,9.66159,64,16
1.27933,0.3,0,0,,,1,0,low_current_sweep_latest.csv,83,21.4091,64,16
1.27944,0.3,0,0,,,1,0,low_current_sweep_latest.csv,32,7.43958,64,16
1.27948,0.1,15,0.013,,,1,2.158,low_current_sweep_latest.csv,18,14.5997,64,16
2.68424,0.5,18,0.015,,,3,2.589,low_current_sweep_correction_curve.csv,29,8.17195,64,16
2.78127,0.5,21,0.017,,,3,3.021,low_current_sweep_correction_curve.csv,22,4.78829,64,16
2.78128,0.5,21,0.017,,,3,3.021,low_current_sweep_correction_curve.csv,23,5.27153,64,16
2.78129,0.5,21,0.017,,,3,3.021,low_current_sweep_correction_curve.csv,31,9.62132,64,16
2.7813,0.5,21,0.017,,,3,3.021,low_current_sweep_correction_curve.csv,27,7.2058,64,16
2.78135,0.5,21,0.017,,,3,3.021,low_current_sweep_correction_curve.csv,24,5.75631,64,16
2.78138,0.5,21,0.017,,,3,3.021,low_current_sweep_correction_curve.csv,30,9.13767,64,16
2.78144,0.5,21,0.017,,,3,3.021,low_current_sweep_correction_curve.csv,32,10.106,64,16
2.78144,0.5,21,0.017,,,3,3.021,low_current_sweep_correction_curve.csv,33,10.5876,64,16
2.78145,0.5,21,0.017,,,3,3.021,low_current_sweep_correction_curve.csv,34,11.5558,64,16
2.78147,0.5,21,0.017,,,3,3.021,low_current_sweep_correction_curve.csv,26,6.72312,64,16
2.78151,0.5,21,0.017,,,3,3.021,low_current_sweep_correction_curve.csv,35,12.0382,64,16
2.78152,0.5,21,0.017,,,3,3.021,low_current_sweep_correction_curve.csv,25,6.23806,64,16
2.78401,0.5,21,0.017,,,3,3.021,low_current_sweep_start_duty.csv,24,4.93319,64,16
2.78408,0.5,21,0.017,,,3,3.021,low_current_sweep_start_duty.csv,25,5.90056,64,16
2.78408,0.5,21,0.017,,,3,3.021,low_current_sweep_start_duty.csv,27,6.86716,64,16
2.78409,0.5,21,0.017,,,3,3.021,low_current_sweep_start_duty.csv,22,3.96637,64,16
2.78409,0.5,21,0.017,,,3,3.021,low_current_sweep_start_duty.csv,36,12.6666,64,16
2.78415,0.5,21,0.017,,,3,3.021,low_current_sweep_start_duty.csv,29,8.31693,64,16
2.78415,0.5,21,0.017,,,3,3.021,low_current_sweep_start_duty.csv,30,8.80031,64,16
2.78418,0.5,21,0.017,,,3,3.021,low_current_sweep_start_duty.csv,35,11.6999,64,16
2.78419,0.5,21,0.017,,,3,3.021,low_current_sweep_start_duty.csv,28,7.35027,64,16
2.78419,0.5,21,0.017,,,3,3.021,low_current_sweep_start_duty.csv,31,9.28333,64,16
2.78419,0.5,21,0.017,,,3,3.021,low_current_sweep_start_duty.csv,34,11.2174,64,16
2.78422,0.5,21,0.017,,,3,3.021,low_current_sweep_start_duty.csv,23,4.45021,64,16
2.78424,0.5,21,0.017,,,3,3.021,low_current_sweep_start_duty.csv,26,6.38405,64,16
2.78424,0.5,18,0.015,,,3,2.589,low_current_sweep_start_duty.csv,33,10.7339,64,16
4.79654,0.9,31,0.026,,,5,4.597,low_current_sweep_correction_curve.csv,45,6.04376,64,16
5.08028,0.9,34,0.029,,,5,5.041,low_current_sweep_correction_curve.csv,42,4.59383,64,16
5.08029,0.9,34,0.029,,,5,5.041,low_current_sweep_correction_curve.csv,43,5.07445,64,16
5.08031,0.9,34,0.029,,,5,5.041,low_current_sweep_correction_curve.csv,46,7.00767,64,16
5.08035,0.9,34,0.029,,,5,5.041,low_current_sweep_correction_curve.csv,47,7.49355,64,16
5.08037,0.9,34,0.029,,,5,5.041,low_current_sweep_correction_curve.csv,48,7.9741,64,16
5.08045,0.9,34,0.029,,,5,5.041,low_current_sweep_correction_curve.csv,49,8.94371,64,16
5.08048,0.9,34,0.029,,,5,5.041,low_current_sweep_correction_curve.csv,51,9.90826,64,16
5.08049,0.9,34,0.029,,,5,5.041,low_current_sweep_correction_curve.csv,54,11.8435,64,16
5.0805,0.9,34,0.029,,,5,5.041,low_current_sweep_correction_curve.csv,50,9.42945,64,16
5.08056,0.9,34,0.029,,,5,5.041,low_current_sweep_correction_curve.csv,53,11.3573,64,16
5.08062,0.9,34,0.029,,,5,5.041,low_current_sweep_correction_curve.csv,52,10.3936,64,16
5.0814,0.9,38,0.033,,,5,5.467,low_current_sweep_start_duty.csv,50,8.46444,64,16
5.0826,0.9,38,0.033,,,5,5.467,low_current_sweep_start_duty.csv,43,4.59309,64,16
5.08278,0.9,34,0.029,,,5,4.891,low_current_sweep_start_duty.csv,45,5.55902,64,16
5.0828,0.9,34,0.029,,,5,4.891,low_current_sweep_start_duty.csv,44,5.07566,64,16
5.08291,0.9,34,0.029,,,5,4.891,low_current_sweep_start_duty.csv,46,6.04213,64,16
5.08299,0.9,34,0.029,,,5,4.891,low_current_test_after_adaptive.csv,16,9.76808,64,16
5.08303,0.9,34,0.029,,,5,4.891,low_current_sweep_start_duty.csv,47,7.01175,64,16
5.08304,0.9,38,0.033,,,5,5.467,low_current_test_after_adaptive.csv,15,9.28485,64,16
5.08307,0.9,38,0.033,,,5,5.467,low_current_test_after_adaptive.csv,34,8.4769,64,16
5.0831,1,34,0.029,,,5,4.891,low_current_test_after_adaptive.csv,53,8.47595,64,16
5.08311,0.9,34,0.029,,,5,4.891,low_current_test_after_adaptive.csv,26,3.64415,64,16
5.08312,0.9,38,0.033,,,5,5.467,low_current_test_after_adaptive.csv,20,12.1849,64,16
5.08315,0.9,34,0.029,,,5,4.891,low_current_test_after_adaptive.csv,17,10.7344,64,16
5.08315,0.9,38,0.033,,,5,5.467,low_current_test_after_adaptive.csv,47,4.6099,64,16
5.08316,0.9,34,0.029,,,5,4.891,low_current_test_after_adaptive.csv,56,9.92824,64,16
5.08319,0.9,34,0.029,,,5,4.891,low_current_test_after_adaptive.csv,7,4.45196,64,16
5.08321,0.9,34,0.029,,,5,4.891,low_current_test_after_adaptive.csv,10,6.38508,64,16
5.08321,0.9,38,0.033,,,5,5.467,low_current_test_after_adaptive.csv,28,5.09395,64,16
5.08321,0.9,34,0.029,,,5,4.891,low_current_test_after_adaptive.csv,39,11.8616,64,16
5.08322,0.9,34,0.029,,,5,4.891,low_current_test_after_adaptive.csv,35,8.96116,64,16
5.08322,0.9,34,0.029,,,5,4.891,low_current_test_after_adaptive.csv,51,7.02624,64,16
5.08324,0.9,34,0.029,,,5,4.891,low_current_test_after_adaptive.csv,40,12.3436,64,16
5.08325,0.9,34,0.029,,,5,4.891,low_current_test_after_adaptive.csv,6,3.96726,64,16
5.08326,0.9,34,0.029,,,5,4.891,low_current_test_after_adaptive.csv,11,6.86847,64,16
5.08326,0.9,34,0.029,,,5,4.891,low_current_test_after_adaptive.csv,12,7.35017,64,16
5.08326,0.9,34,0.029,,,5,4.891,low_current_test_after_adaptive.csv,13,7.83472,64,16
5.08328,0.9,34,0.029,,,5,4.891,low_current_test_after_adaptive.csv,29,5.57768,64,16
5.08329,0.9,34,0.029,,,5,4.891,low_current_test_after_adaptive.csv,48,5.09314,64,16
5.08329,0.9,34,0.029,,,5,4.891,low_current_test_after_adaptive.csv,59,11.8616,64,16
5.0833,0.9,34,0.029,,,5,4.891,low_current_test_after_adaptive.csv,18,11.2176,64,16
5.08331,0.9,34,0.029,,,5,4.891,low_current_test_after_adaptive.csv,57,10.8943,64,16
5.08333,0.9,34,0.029,,,5,4.891,low_current_test_after_adaptive.csv,30,6.06132,64,16
5.08333,0.9,34,0.029,,,5,4.891,low_current_test_after_adaptive.csv,31,6.54544,64,16
5.08336,0.9,34,0.029,,,5,4.891,low_current_test_after_adaptive.csv,36,9.92804,64,16
5.08337,0.9,34,0.029,,,5,4.891,low_current_test_after_adaptive.csv,49,6.06088,64,16
5.08339,0.9,34,0.029,,,5,4.891,low_current_test_after_adaptive.csv,50,6.5434,64,16
5.08351,1,34,0.029,,,5,4.891,low_current_sweep_start_duty.csv,54,11.3619,64,16
5.08352,0.9,34,0.029,,,5,4.891,low_current_test_after_adaptive.csv,58,11.3756,64,16
5.08355,0.9,34,0.029,,,5,4.891,low_current_sweep_start_duty.csv,51,9.42509,64,16
5.0837,0.9,34,0.029,,,5,4.891,low_current_sweep_start_duty.csv,52,9.91172,64,16
5.08375,0.9,34,0.029,,,5,4.891,low_current_sweep_start_duty.csv,55,11.8418,64,16
5.09934,0.9,38,0.033,,,5,5.467,low_current_test_after_adaptive.csv,55,9.44512,64,16
5.11243,1,34,0.029,,,5,4.891,low_current_test_after_adaptive.csv,33,7.99474,64,16
5.1782,0.9,38,0.033,,,5,5.467,low_current_test_after_adaptive.csv,38,10.8939,64,16
5.19234,0.9,38,0.033,,,5,5.467,low_current_test_after_adaptive.csv,9,5.41739,64,16
5.19237,0.9,34,0.029,,,5,4.891,low_current_sweep_start_duty.csv,42,3.62805,64,16
5.24928,1,34,0.029,,,5,4.891,low_current_test_after_adaptive.csv,19,11.7009,64,16
5.26408,1,34,0.029,,,5,4.891,low_current_test_after_adaptive.csv,27,4.12756,64,16
5.2735,1,34,0.029,,,5,4.891,low_current_sweep_start_duty.csv,56,12.3258,64,16
5.39784,1,34,0.029,,,5,4.891,low_current_sweep_start_duty.csv,49,7.97834,64,16
8.10494,1.4,57,0.049,,,8,8.541,low_current_sweep_correction_curve.csv,62,4.59473,64,16
8.10516,1.4,57,0.049,,,8,8.541,low_current_sweep_correction_curve.csv,70,9.42748,64,16
8.10532,1.4,57,0.049,,,8,8.541,low_current_sweep_correction_curve.csv,65,6.52818,64,16
8.10534,1.5,52,0.045,,,8,7.792,low_current_sweep_correction_curve.csv,73,11.3609,64,16
8.10537,1.4,53,0.046,,,8,7.942,low_current_sweep_correction_curve.csv,63,5.07805,64,16
8.10538,1.4,53,0.046,,,8,7.942,low_current_sweep_correction_curve.csv,66,7.01115,64,16
8.10559,1.4,53,0.046,,,8,7.942,low_current_sweep_correction_curve.csv,71,9.9107,64,16
8.10566,1.4,52,0.045,,,8,7.792,low_current_sweep_correction_curve.csv,74,11.844,64,16
8.2068,1.4,53,0.046,,,8,7.942,low_current_sweep_correction_curve.csv,75,12.327,64,16
8.20781,1.4,53,0.046,,,8,7.942,low_current_sweep_correction_curve.csv,64,5.56127,64,16
8.40827,1.4,57,0.049,,,8,8.541,low_current_sweep_correction_curve.csv,68,7.97833,64,16
8.4127,1.4,53,0.046,,,8,7.942,low_current_sweep_correction_curve.csv,67,7.49446,64,16
8.5723,1.5,53,0.046,,,8,7.624,low_current_test_after_adaptive.csv,64,3.4218,64,16
8.71908,1.5,53,0.046,,,8,7.942,low_current_sweep_correction_curve.csv,61,4.11176,64,16
8.71994,1.4,53,0.046,,,8,7.942,low_current_sweep_correction_curve.csv,69,8.94422,64,16
8.72005,1.4,53,0.046,,,8,7.942,low_current_sweep_correction_curve.csv,72,10.8781,64,16
8.72628,1.5,55,0.048,,,8,7.912,low_current_test_after_adaptive.csv,74,9.70563,64,16
8.72665,1.5,57,0.049,,,8,8.2,low_current_test_after_adaptive.csv,68,5.83602,64,16
8.72688,1.5,61,0.053,,,8,8.775,low_current_test_after_adaptive.csv,76,11.1559,64,16
8.72715,1.5,57,0.049,,,8,8.2,low_current_test_after_adaptive.csv,69,6.80342,64,16
8.72716,1.6,53,0.046,,,8,7.624,low_current_sweep_start_duty.csv,63,4.59123,64,16
8.72738,1.5,57,0.049,,,8,8.2,low_current_sweep_start_duty.csv,64,5.07095,64,16
8.72746,1.6,53,0.046,,,8,7.624,low_current_sweep_start_duty.csv,66,6.52475,64,16
8.72769,1.5,57,0.049,,,8,8.2,low_current_sweep_start_duty.csv,65,5.56124,64,16
8.72776,1.5,57,0.049,,,8,8.2,low_current_test_after_adaptive.csv,65,4.38861,64,16
8.72777,1.5,57,0.049,,,8,8.2,low_current_sweep_start_duty.csv,67,7.01107,64,16
8.72789,1.5,57,0.049,,,8,8.2,low_current_sweep_start_duty.csv,76,12.3278,64,16
8.72794,1.5,57,0.049,,,8,8.2,low_current_sweep_start_duty.csv,71,9.42804,64,16
8.72807,1.5,57,0.049,,,8,8.2,low_current_sweep_start_duty.csv,68,7.49113,64,16
8.72807,1.5,57,0.049,,,8,8.2,low_current_sweep_start_duty.csv,74,11.3609,64,16
8.72811,1.5,57,0.049,,,8,8.2,low_current_sweep_start_duty.csv,70,8.94512,64,16
8.72825,1.5,57,0.049,,,8,8.2,low_current_sweep_start_duty.csv,72,9.91089,64,16
8.77508,1.6,52,0.045,,,8,7.48,low_current_test_after_adaptive.csv,66,4.86865,64,16
8.82062,1.5,57,0.049,,,8,8.2,low_current_test_after_adaptive.csv,75,10.1843,64,16
8.82837,1.5,61,0.053,,,8,8.775,low_current_test_after_adaptive.csv,71,7.76855,64,16
8.83197,1.6,53,0.046,,,8,7.624,low_current_sweep_start_duty.csv,75,11.841,64,16
8.91432,1.6,53,0.046,,,8,7.624,low_current_sweep_start_duty.csv,69,7.97829,64,16
8.91803,1.6,52,0.045,,,8,7.48,low_current_test_after_adaptive.csv,67,5.35515,64,16
8.93258,1.6,52,0.045,,,8,7.48,low_current_sweep_start_duty.csv,73,10.3948,64,16
9.15714,1.5,61,0.053,,,8,8.775,low_current_test_after_adaptive.csv,78,12.1188,64,16
9.23992,1.5,57,0.049,,,8,8.2,low_current_test_after_adaptive.csv,70,7.28723,64,16
9.28069,1.5,57,0.049,,,8,8.2,low_current_test_after_adaptive.csv,77,11.6382,64,16
9.34247,1.5,61,0.053,,,8,8.775,low_current_test_after_adaptive.csv,73,9.22195,64,16
9.34261,1.5,57,0.049,,,8,8.2,low_current_test_after_adaptive.csv,72,8.73514,64,16
9.94351,1.8,59,0.051,,,10,9.306,low_current_sweep_correction_curve.csv,85,6.52547,64,16
9.94362,1.7,65,0.057,,,10,10.252,low_current_sweep_correction_curve.csv,84,6.04261,64,16
9.94384,1.7,59,0.051,,,10,9.306,low_current_sweep_correction_curve.csv,88,8.46224,64,16
10.0457,1.8,62,0.053,,,10,9.779,low_current_sweep_correction_curve.csv,82,4.59344,64,16
10.0464,1.8,62,0.053,,,10,9.779,low_current_sweep_correction_curve.csv,93,11.3622,64,16
10.0495,1.8,59,0.051,,,10,9.306,low_current_sweep_correction_curve.csv,91,9.9081,64,16
10.1149,1.8,59,0.051,,,10,9.306,low_current_sweep_correction_curve.csv,86,7.0097,64,16
10.1275,1.8,59,0.051,,,10,9.306,low_current_sweep_correction_curve.csv,83,5.07582,64,16
10.1278,1.8,59,0.051,,,10,9.306,low_current_sweep_correction_curve.csv,94,11.8446,64,16
10.1377,1.8,59,0.051,,,10,9.306,low_current_sweep_correction_curve.csv,87,7.49252,64,16
10.2517,1.8,63,0.055,,,10,9.937,low_current_sweep_correction_curve.csv,90,9.42507,64,16
10.5308,1.7,65,0.057,,,10,10.252,low_current_sweep_correction_curve.csv,89,8.94271,64,16
10.5597,1.7,65,0.057,,,10,10.252,low_current_sweep_correction_curve.csv,81,4.11191,64,16
10.5607,1.7,61,0.053,,,10,9.622,low_current_sweep_correction_curve.csv,92,10.8746,64,16
10.5649,1.9,63,0.055,,,10,9.063,low_current_sweep_latest.csv,129,13.1057,64,16
10.5656,2,62,0.053,,,10,8.918,low_current_test_after_adaptive.csv,93,9.44502,64,16
10.5659,2,63,0.055,,,10,9.063,low_current_test_after_adaptive.csv,126,6.54562,64,16
10.5661,2,62,0.053,,,10,8.918,low_current_test_after_adaptive.csv,123,4.61196,64,16
10.5661,2,63,0.055,,,10,9.063,low_current_test_after_adaptive.csv,133,10.8935,64,16
10.5664,1.9,66,0.058,,,10,9.525,low_current_test_after_adaptive.csv,122,4.1291,64,16
10.5664,1.9,67,0.058,,,10,9.68,low_current_test_after_adaptive.csv,130,8.96191,64,16
10.589,1.9,62,0.053,,,10,8.918,low_current_test_after_adaptive.csv,127,7.02749,64,16
10.5906,1.8,69,0.06,,,10,10.001,low_current_sweep_latest.csv,132,14.5623,64,16
10.5921,2,66,0.058,,,10,9.525,low_current_sweep_latest.csv,119,6.82821,64,16
10.6271,1.8,69,0.06,,,10,10.001,low_current_test_after_adaptive.csv,109,7.02308,64,16
10.671,1.9,62,0.053,,,10,8.918,low_current_test_after_adaptive.csv,94,9.9265,64,16
10.7387,2,66,0.058,,,10,9.525,low_current_sweep_latest.csv,91,5.58587,64,16
10.749,1.9,63,0.055,,,10,9.063,low_current_sweep_latest.csv,121,7.795,64,16
10.752,1.9,63,0.055,,,10,9.063,low_current_test_after_adaptive.csv,132,9.9283,64,16
10.7709,2,62,0.053,,,10,8.918,low_current_test_after_adaptive.csv,131,9.44333,64,16
10.9741,2,63,0.055,,,10,9.063,low_current_sweep_latest.csv,120,7.30699,64,16
10.9744,2,62,0.053,,,10,8.918,low_current_test_after_adaptive.csv,92,8.47537,64,16
10.9788,1.8,73,0.063,,,10,10.65,low_current_sweep_latest.csv,104,13.3158,64,16
10.9852,1.8,73,0.063,,,10,10.65,low_current_sweep_latest.csv,100,10.8957,64,16
10.9864,1.8,73,0.063,,,10,10.65,low_current_sweep_start_duty.csv,88,7.49129,64,16
11.0632,1.8,77,0.068,,,10,11.295,low_current_sweep_start_duty.csv,95,11.845,64,16
11.0644,1.8,77,0.068,,,10,11.295,low_current_test_after_adaptive.csv,104,4.12825,64,16
11.0646,1.8,77,0.068,,,10,11.295,low_current_test_after_adaptive.csv,113,10.8894,64,16
11.0692,2,66,0.058,,,10,9.525,low_current_test_after_adaptive.csv,91,7.9952,64,16
11.0728,1.8,77,0.068,,,10,11.295,low_current_test_after_adaptive.csv,115,11.8594,64,16
11.0737,2,66,0.058,,,10,9.525,low_current_test_after_adaptive.csv,108,6.54004,64,16
11.076,2,66,0.058,,,10,9.525,low_current_sweep_latest.csv,131,14.0759,64,16
11.0792,1.8,77,0.068,,,10,11.295,low_current_sweep_latest.csv,123,9.24229,64,16
11.0797,1.8,77,0.068,,,10,11.295,low_current_sweep_start_duty.csv,87,7.01215,64,16
11.08,1.8,73,0.063,,,10,10.65,low_current_test_after_adaptive.csv,105,4.60941,64,16
11.0801,1.9,69,0.06,,,10,10.001,low_current_test_after_adaptive.csv,95,10.4111,64,16
11.0801,1.9,66,0.058,,,10,9.525,low_current_test_after_adaptive.csv,125,5.57824,64,16
11.0813,1.8,77,0.068,,,10,11.295,low_current_sweep_latest.csv,99,10.4159,64,16
11.0821,1.8,73,0.063,,,10,10.65,low_current_sweep_latest.csv,117,5.3776,64,16
11.0952,1.8,77,0.068,,,10,11.295,low_current_sweep_start_duty.csv,91,9.42636,64,16
11.0961,1.8,73,0.063,,,10,10.65,low_current_sweep_start_duty.csv,92,9.91137,64,16
11.1079,1.8,77,0.068,,,10,11.295,low_current_test_after_adaptive.csv,136,12.3435,64,16
11.1138,1.8,77,0.068,,,10,11.295,low_current_test_after_adaptive.csv,90,7.5114,64,16
11.1284,1.9,69,0.06,,,10,10.001,low_current_sweep_latest.csv,92,6.06564,64,16
11.1312,1.8,73,0.063,,,10,10.65,low_current_sweep_start_duty.csv,83,4.5956,64,16
11.1401,1.8,77,0.068,,,10,11.295,low_current_test_after_adaptive.csv,88,6.06097,64,16
11.1539,1.8,73,0.063,,,10,10.65,low_current_sweep_latest.csv,124,9.72262,64,16
11.1809,1.9,69,0.06,,,10,10.001,low_current_test_after_adaptive.csv,128,7.51224,64,16
11.1813,1.8,77,0.068,,,10,11.295,low_current_sweep_latest.csv,108,16.2213,64,16
11.1813,1.8,77,0.068,,,10,11.295,low_current_sweep_latest.csv,125,10.6926,64,16
11.1815,1.8,77,0.068,,,10,11.295,low_current_sweep_latest.csv,118,6.34427,64,16
11.1815,1.9,73,0.063,,,10,10.65,low_current_sweep_latest.csv,101,11.8658,64,16
11.1816,1.9,66,0.058,,,10,9.525,low_current_sweep_latest.csv,93,6.55024,64,16
11.1816,1.9,73,0.063,,,10,10.65,low_current_sweep_latest.csv,127,11.6522,64,16
11.1817,1.9,66,0.058,,,10,9.525,low_current_sweep_latest.csv,102,12.3546,64,16
11.1818,1.8,73,0.063,,,10,10.65,low_current_sweep_latest.csv,126,11.1778,64,16
11.1819,1.8,73,0.063,,,10,10.65,low_current_sweep_latest.csv,94,7.52134,64,16
11.1819,1.9,73,0.063,,,10,10.65,low_current_sweep_latest.csv,116,4.89236,64,16
11.1819,1.9,67,0.058,,,10,9.68,low_current_sweep_latest.csv,133,15.5223,64,16
11.182,1.9,69,0.06,,,10,10.001,low_current_sweep_latest.csv,130,13.592,64,16
11.1821,1.9,66,0.058,,,10,9.525,low_current_sweep_latest.csv,103,12.8376,64,16
11.1822,1.8,73,0.063,,,10,10.65,low_current_sweep_latest.csv,90,5.09549,64,16
11.1822,1.8,73,0.063,,,10,10.65,low_current_sweep_latest.csv,105,14.2866,64,16
11.1822,1.9,66,0.058,,,10,9.525,low_current_sweep_latest.csv,95,8.00423,64,16
11.1822,1.9,66,0.058,,,10,9.525,low_current_sweep_latest.csv,96,8.48822,64,16
11.1822,1.9,66,0.058,,,10,9.525,low_current_sweep_latest.csv,134,16.0021,64,16
11.1824,1.8,73,0.063,,,10,10.65,low_current_sweep_latest.csv,97,9.44598,64,16
11.1824,1.8,77,0.068,,,10,11.295,low_current_test_after_adaptive.csv,106,5.57744,64,16
11.1826,1.8,77,0.068,,,10,11.295,low_current_test_after_adaptive.csv,85,4.61151,64,16
11.1827,1.9,73,0.063,,,10,10.65,low_current_test_after_adaptive.csv,107,6.05949,64,16
11.1828,1.8,73,0.063,,,10,10.65,low_current_test_after_adaptive.csv,114,11.3693,64,16
11.1829,1.9,63,0.055,,,10,9.063,low_current_test_after_adaptive.csv,124,5.09465,64,16
11.183,1.8,73,0.063,,,10,10.65,low_current_test_after_adaptive.csv,96,11.3781,64,16
11.1831,1.8,69,0.06,,,10,10.001,low_current_test_after_adaptive.csv,134,11.3733,64,16
11.1831,1.9,66,0.058,,,10,9.525,low_current_test_after_adaptive.csv,129,7.99473,64,16
11.1835,1.8,77,0.068,,,10,11.295,low_current_sweep_start_duty.csv,93,10.876,64,16
11.184,1.9,73,0.063,,,10,10.65,low_current_sweep_start_duty.csv,89,8.46129,64,16
11.1854,1.9,67,0.058,,,10,9.68,low_current_sweep_start_duty.csv,82,4.11146,64,16
11.2753,2,66,0.058,,,10,9.525,low_current_sweep_latest.csv,128,12.1448,64,16
11.2882,1.8,77,0.068,,,10,11.295,low_current_sweep_start_duty.csv,85,5.56125,64,16
11.2982,1.8,73,0.063,,,10,10.65,low_current_sweep_start_duty.csv,84,5.07736,64,16
11.386,1.8,77,0.068,,,10,11.295,low_current_sweep_latest.csv,107,15.2456,64,16
11.3937,1.8,73,0.063,,,10,10.65,low_current_test_after_adaptive.csv,135,11.8532,64,16
11.407,1.8,77,0.068,,,10,11.295,low_current_test_after_adaptive.csv,98,12.339,64,16
11.4262,1.8,77,0.068,,,10,11.295,low_current_test_after_adaptive.csv,87,5.57534,64,16
11.5392,1.8,73,0.063,,,10,10.65,low_current_sweep_latest.csv,106,14.7656,64,16
11.6502,1.8,73,0.063,,,10,10.65,low_current_sweep_start_duty.csv,94,11.3615,64,16
11.793,1.8,73,0.063,,,10,10.65,low_current_sweep_latest.csv,98,9.93578,64,16
11.7965,1.8,69,0.06,,,10,10.001,low_current_sweep_latest.csv,122,8.76115,64,16
11.7968,1.8,73,0.063,,,10,10.65,low_current_test_after_adaptive.csv,86,5.09002,64,16
11.797,1.8,73,0.063,,,10,10.65,low_current_test_after_adaptive.csv,89,7.0254,64,16
11.7973,1.8,73,0.063,,,10,10.65,low_current_test_after_adaptive.csv,97,11.8614,64,16
11.7977,1.9,73,0.063,,,10,10.65,low_current_test_after_adaptive.csv,116,12.3414,64,16
11.7978,1.8,73,0.063,,,10,10.65,low_current_test_after_adaptive.csv,112,10.4118,64,16
11.798,1.8,73,0.063,,,10,10.65,low_current_sweep_start_duty.csv,86,6.52741,64,16
11.7986,1.8,73,0.063,,,10,10.65,low_current_sweep_start_duty.csv,90,8.94519,64,16
15.2771,2.5,100,0.088,,,15,15.478,low_current_sweep_correction_curve.csv,102,4.37244,48,12
15.3258,2.5,100,0.088,,,15,15.478,low_current_sweep_correction_curve.csv,116,12.105,48,12
15.3296,2.5,100,0.088,,,15,15.488,low_current_sweep_correction_curve.csv,104,5.34042,48,12
15.3717,2.5,100,0.088,,,15,15.478,low_current_sweep_correction_curve.csv,108,7.7556,48,12
15.3931,2.6,92,0.081,,,15,14.597,low_current_sweep_correction_curve.csv,105,6.3061,48,12
15.4431,2.6,92,0.081,,,15,14.594,low_current_sweep_correction_curve.csv,101,3.88946,48,12
15.4433,2.6,92,0.081,,,15,14.634,low_current_sweep_correction_curve.csv,103,4.85591,48,12
15.4435,2.5,100,0.088,,,15,15.479,low_current_sweep_correction_curve.csv,106,6.78892,48,12
15.4436,2.6,92,0.081,,,15,14.595,low_current_sweep_correction_curve.csv,107,7.27221,48,12
15.4437,2.5,100,0.088,,,15,15.517,low_current_sweep_correction_curve.csv,112,10.1722,48,12
15.4437,2.6,92,0.081,,,15,14.595,low_current_sweep_correction_curve.csv,109,8.23879,48,12
15.4437,2.6,92,0.081,,,15,14.752,low_current_sweep_correction_curve.csv,111,9.20532,48,12
15.4437,2.6,92,0.081,,,15,14.604,low_current_sweep_correction_curve.csv,113,10.6551,48,12
15.4438,2.5,100,0.088,,,15,15.48,low_current_sweep_correction_curve.csv,114,11.1388,48,12
15.4438,2.6,100,0.088,,,15,15.478,low_current_sweep_correction_curve.csv,110,8.72212,48,12
15.4439,2.6,92,0.081,,,15,14.595,low_current_sweep_correction_curve.csv,115,11.6225,48,12
15.4594,2.7,96,0.084,,,15,14.584,low_current_sweep_start_duty.csv,108,7.26868,48,12
15.9204,2.6,104,0.091,,,15,15.56,low_current_sweep_start_duty.csv,105,5.33726,48,12
15.9274,2.6,104,0.091,,,15,15.535,low_current_sweep_start_duty.csv,111,8.72069,48,12
15.9578,2.6,105,0.092,,,15,15.642,low_current_sweep_start_duty.csv,103,4.3689,48,12
15.9689,2.6,104,0.091,,,15,15.557,low_current_sweep_start_duty.csv,117,12.0989,48,12
15.9715,2.7,96,0.084,,,15,14.585,low_current_sweep_start_duty.csv,106,6.29868,48,12
16.0582,2.6,100,0.088,,,15,15.245,low_current_sweep_start_duty.csv,109,7.7516,48,12
16.0698,2.6,104,0.091,,,15,15.589,low_current_sweep_start_duty.csv,101,3.39876,48,12
16.07,2.7,96,0.084,,,15,14.592,low_current_sweep_start_duty.csv,102,3.88722,48,12
16.0703,2.7,96,0.084,,,15,14.606,low_current_sweep_start_duty.csv,104,4.85214,48,12
16.0705,2.6,104,0.091,,,15,15.555,low_current_sweep_start_duty.csv,107,6.78536,48,12
16.0705,2.7,96,0.084,,,15,14.584,low_current_sweep_start_duty.csv,114,10.6487,48,12
16.0707,2.7,96,0.084,,,15,14.506,low_current_sweep_start_duty.csv,110,8.23732,48,12
16.0707,2.7,96,0.084,,,15,14.579,low_current_sweep_start_duty.csv,112,9.20273,48,12
16.0708,2.6,104,0.091,,,15,15.554,low_current_sweep_start_duty.csv,113,10.1707,48,12
16.0708,2.6,104,0.091,,,15,15.597,low_current_sweep_start_duty.csv,115,11.1377,48,12
16.0708,2.7,96,0.084,,,15,14.594,low_current_sweep_start_duty.csv,116,11.6186,48,12
19.7194,3.3,115,0.101,,,20,18.017,low_current_sweep_latest.csv,142,4.88816,48,12
19.7194,3.3,128,0.113,,,20,19.646,low_current_sweep_latest.csv,143,5.37773,48,12
19.7194,3.3,118,0.104,,,20,18.689,low_current_sweep_latest.csv,144,5.85846,48,12
19.9605,3.3,128,0.113,,,20,19.814,low_current_sweep_latest.csv,145,6.34422,48,12
20.3091,3.4,131,0.115,,,20,20.432,low_current_sweep_correction_curve.csv,124,4.59473,48,12
20.3092,3.4,122,0.107,,,20,19.74,low_current_sweep_correction_curve.csv,123,4.10974,48,12
20.3092,3.4,122,0.107,,,20,19.54,low_current_sweep_correction_curve.csv,125,5.07631,48,12
20.3093,3.4,131,0.115,,,20,20.285,low_current_sweep_correction_curve.csv,122,3.62825,48,12
20.3094,3.4,131,0.115,,,20,20.382,low_current_sweep_correction_curve.csv,126,5.55992,48,12
20.3094,3.4,122,0.107,,,20,19.764,low_current_sweep_correction_curve.csv,127,6.0447,48,12
20.3094,3.4,131,0.115,,,20,20.382,low_current_sweep_correction_curve.csv,130,7.97748,48,12
20.3095,3.4,131,0.115,,,20,20.438,low_current_sweep_correction_curve.csv,128,6.52782,48,12
20.3095,3.4,131,0.115,,,20,20.379,low_current_sweep_correction_curve.csv,132,8.94475,48,12
20.3096,3.4,122,0.107,,,20,19.541,low_current_sweep_correction_curve.csv,129,7.49471,48,12
20.3096,3.4,122,0.107,,,20,19.527,low_current_sweep_correction_curve.csv,131,8.46209,48,12
20.3096,3.4,122,0.107,,,20,19.527,low_current_sweep_correction_curve.csv,133,9.42768,48,12
20.3096,3.4,131,0.115,,,20,20.379,low_current_sweep_correction_curve.csv,134,9.91143,48,12
20.3096,3.4,122,0.107,,,20,19.527,low_current_sweep_correction_curve.csv,135,10.3943,48,12
20.3097,3.4,131,0.115,,,20,20.379,low_current_sweep_correction_curve.csv,138,12.3283,48,12
20.3098,3.4,131,0.115,,,20,20.379,low_current_sweep_correction_curve.csv,136,11.3616,48,12
20.3098,3.4,122,0.107,,,20,19.527,low_current_sweep_correction_curve.csv,137,11.8444,48,12
20.3275,3.4,131,0.115,,,20,20.272,low_current_sweep_latest.csv,147,7.79421,48,12
20.3276,3.4,122,0.107,,,20,19.399,low_current_sweep_latest.csv,148,8.27725,48,12
20.3277,3.4,131,0.115,,,20,20.347,low_current_sweep_latest.csv,149,8.75833,48,12
20.3277,3.4,122,0.107,,,20,19.418,low_current_sweep_latest.csv,154,11.661,48,12
20.3277,3.4,131,0.115,,,20,20.351,low_current_sweep_latest.csv,155,12.1441,48,12
20.3277,3.4,131,0.115,,,20,20.351,low_current_sweep_latest.csv,157,13.1087,48,12
20.3277,3.4,122,0.107,,,20,19.418,low_current_sweep_latest.csv,158,13.5915,48,12
20.3277,3.4,131,0.115,,,20,20.351,low_current_sweep_latest.csv,159,14.0783,48,12
20.3277,3.4,131,0.115,,,20,20.548,low_current_sweep_latest.csv,161,15.5183,48,12
20.3277,3.4,122,0.107,,,20,19.468,low_current_sweep_latest.csv,162,16.0085,48,12
20.3278,3.4,122,0.107,,,20,19.1,low_current_sweep_latest.csv,146,6.8272,48,12
20.3278,3.4,122,0.107,,,20,19.417,low_current_sweep_latest.csv,150,9.23827,48,12
20.3278,3.4,131,0.115,,,20,20.351,low_current_sweep_latest.csv,151,9.72257,48,12
20.3278,3.4,122,0.107,,,20,19.418,low_current_sweep_latest.csv,156,12.6199,48,12
20.3279,3.4,131,0.115,,,20,20.351,low_current_sweep_latest.csv,153,10.6944,48,12
20.328,3.4,122,0.107,,,20,19.418,low_current_sweep_latest.csv,152,10.2103,48,12
20.3313,3.4,132,0.116,,,20,20.508,low_current_sweep_start_duty.csv,123,3.62887,48,12
20.3315,3.4,123,0.108,,,20,19.546,low_current_sweep_start_duty.csv,124,4.11129,48,12
20.3316,3.4,132,0.116,,,20,20.501,low_current_sweep_start_duty.csv,125,4.59491,48,12
20.3317,3.4,123,0.108,,,20,19.589,low_current_sweep_start_duty.csv,126,5.07744,48,12
20.3317,3.4,132,0.116,,,20,20.512,low_current_sweep_start_duty.csv,127,5.56085,48,12
20.3317,3.4,122,0.107,,,20,19.459,low_current_sweep_start_duty.csv,128,6.04522,48,12
20.3318,3.4,132,0.116,,,20,20.479,low_current_sweep_start_duty.csv,129,6.52229,48,12
20.3319,3.4,122,0.107,,,20,19.45,low_current_sweep_start_duty.csv,130,7.49404,48,12
20.332,3.4,132,0.116,,,20,20.477,low_current_sweep_start_duty.csv,131,7.9727,48,12
20.332,3.4,123,0.108,,,20,19.583,low_current_sweep_start_duty.csv,132,8.46029,48,12
20.332,3.4,132,0.116,,,20,20.51,low_current_sweep_start_duty.csv,133,8.94591,48,12
20.332,3.4,122,0.107,,,20,19.502,low_current_sweep_start_duty.csv,134,9.42801,48,12
20.332,3.4,132,0.116,,,20,20.49,low_current_sweep_start_duty.csv,135,9.91111,48,12
20.332,3.4,123,0.108,,,20,19.542,low_current_sweep_start_duty.csv,136,10.3951,48,12
20.332,3.4,132,0.116,,,20,20.5,low_current_sweep_start_duty.csv,137,11.3614,48,12
20.332,3.4,132,0.116,,,20,20.501,low_current_sweep_start_duty.csv,139,12.3224,48,12
20.3321,3.4,123,0.108,,,20,19.544,low_current_sweep_start_duty.csv,138,11.8453,48,12
20.4658,3.5,122,0.107,,,20,19.418,low_current_sweep_latest.csv,160,14.5584,48,12
